formation_year,symbol,period,f_score,bm,fwd_return_1y,hold_freq
2012,TTC,2011,9.0,3.430469656211812,1.3888888888888888,1.0
2012,PJT,2011,9.0,2.192628999559083,0.0897435897435898,1.0
2012,LBM,2011,9.0,2.0812780332228664,0.5541958041957993,1.0
2012,TMP,2011,9.0,1.4664780955009042,0.3551401869158879,1.0
2012,TBC,2011,9.0,1.2732259765559055,0.3162393162393162,1.0
2012,BMC,2011,9.0,0.8855057218151695,0.3078640849797267,1.0
2012,TXM,2011,8.0,5.413523955204082,-0.075000000000001,1.0
2012,HVX,2011,8.0,4.05664962002079,-0.1224489795918367,1.0
2012,MNC,2011,8.0,3.623533777829547,0.1896144767899341,1.0
2012,BCC,2011,8.0,3.489791834341057,-0.0185185185185184,1.0
2012,HOM,2011,8.0,3.42445613408033,0.0649490069779969,1.0
2012,MHC,2011,8.0,3.115023923587238,0.1599999999999999,1.0
2012,PDC,2011,8.0,2.7712850550114942,-0.1388888888888888,1.0
2012,TPP,2011,8.0,2.517125881556604,1.0327047027930227,1.0
2012,VPK,2011,8.0,1.9423562861346153,2.0476163894161106,1.0
2012,RAL,2011,8.0,1.87591611864233,0.3097160643135925,1.0
2012,CAP,2011,8.0,1.7853179519908635,2.2144404332129928,1.0
2012,BTT,2011,8.0,1.7550778906283422,0.5307900141816186,1.0
2012,CLW,2011,8.0,1.6921521340265906,0.2245052983402324,1.0
2012,NLC,2011,8.0,1.6223175322,0.3383458646616506,1.0
2012,HVG,2011,8.0,1.5758362358406242,0.2436444885799358,1.0
2012,PVS,2011,8.0,1.3508205982575467,0.3119012135405608,1.0
2012,ACL,2011,8.0,0.9419242503967382,-0.2899183595974925,1.0
2012,DPM,2011,8.0,0.9096726455668952,0.3069061660881056,1.0
2012,SHC,2011,8.0,0.7269958948455036,-0.368421052631579,1.0
2012,TLT,2011,8.0,0.5302104388497093,-0.7567567567567568,1.0
2012,VNS,2011,7.0,1.3457038665782484,1.159375724329749,0.178
2012,VTF,2011,7.0,1.3358860895889384,0.0122550563921635,0.173
2012,VHC,2011,7.0,0.9282686125096696,-0.1204057279236294,0.172
2012,ITA,2011,7.0,2.631011890865721,-0.0144927536231884,0.171
2012,BTP,2011,7.0,5.055067879530631,2.0,0.1665
2012,THB,2011,7.0,1.7057374954376774,0.351425438596491,0.166
2012,TLH,2011,7.0,2.715092159417829,0.4162875816993407,0.1645
2012,MAC,2011,7.0,3.362511971200848,-0.0243902439024389,0.164
2012,BBC,2011,7.0,3.3551733048029333,0.0858585858585858,0.163
2012,VPC,2011,7.0,5.259506854647343,-0.5151515151515151,0.1625
2012,BTS,2011,7.0,2.799281598252971,-0.328125,0.1625
2012,TTG,2011,7.0,3.625978596666666,0.1351351351351384,0.1595
2012,PVD,2011,7.0,0.8874331364177718,0.362777075151439,0.159
2012,ELC,2011,7.0,0.6410151390552035,0.1325468424705094,0.158
2012,MTG,2011,7.0,4.229406447971077,0.026315789473684,0.1575
2012,PVG,2011,7.0,1.5889962136564593,-0.1509539842873138,0.157
2012,PET,2011,7.0,1.4463809325298531,0.9584492039150752,0.157
2012,POV,2011,7.0,4.170436388733333,-0.1884057971014492,0.1555
2012,AGF,2011,7.0,2.3816428178016538,0.2655702917771854,0.1555
2012,SJE,2011,7.0,3.864335452022936,0.3565217391304345,0.1545
2012,GIL,2011,7.0,0.8337257213380795,-0.2941176470588231,0.154
2012,VIS,2011,7.0,1.5177239752289855,0.0247933884297519,0.1525
2012,COM,2011,7.0,0.945572080363036,-0.0393755188519718,0.15
2012,TC6,2011,7.0,2.525098152883214,-0.1331775700934584,0.1475
2012,TDN,2011,7.0,2.2673904835069445,-0.0014756517461885,0.1395
2013,PVT,2012,9.0,2.715335836890506,1.5113207547169822,1.0
2013,KHP,2012,9.0,1.5985135923816474,0.2530037818015871,1.0
2013,SGD,2012,9.0,1.3069048821995588,0.0770458171871479,1.0
2013,TBC,2012,9.0,1.153629548075167,0.5853250818039424,1.0
2013,TMP,2012,9.0,1.1130954374819877,0.6285374554102279,1.0
2013,SMB,2012,9.0,1.07174970632609,0.1444805194805185,1.0
2013,PVD,2012,9.0,0.885746775108167,0.9507376592849286,1.0
2013,MAC,2012,8.0,3.7114631729292937,0.5249999999999999,1.0
2013,AMV,2012,8.0,3.521179498995628,0.2926829268292683,1.0
2013,PRC,2012,8.0,3.1803106521126763,0.6577355229040676,1.0
2013,SJE,2012,8.0,3.0431174094658293,1.379807692307692,1.0
2013,HVX,2012,8.0,2.6351218067052766,0.0930232558139534,1.0
2013,PDC,2012,8.0,2.402440853771429,0.1612903225806452,1.0
2013,L10,2012,8.0,2.361698468666667,0.4247491638795957,1.0
2013,NT2,2012,8.0,2.2643639432804363,0.604166666666667,1.0
2013,GMD,2012,8.0,2.217839338417068,0.3891217843786967,1.0
2013,TTC,2012,8.0,1.956313607488675,0.4566596194503165,1.0
2013,SBC,2012,8.0,1.4739277136666666,-0.3076923076923077,1.0
2013,GDW,2012,8.0,1.432274653431579,0.5623179965055374,1.0
2013,UNI,2012,8.0,1.3568087616404774,-0.0144927536231884,1.0
2013,DNM,2012,8.0,1.279898492462048,1.1781764856521098,1.0
2013,VNS,2012,8.0,1.2383869891971646,0.5634897972279271,1.0
2013,SRC,2012,8.0,1.082427808525425,0.297192014283397,1.0
2013,CAP,2012,8.0,1.0475444434163168,0.0106874328678807,1.0
2013,DXP,2012,8.0,0.8639012912967322,-0.1580145071824764,1.0
2013,VPK,2012,8.0,0.6586620795144231,-0.2137425880711571,1.0
2013,GHC,2012,8.0,0.6354168443826087,0.2384677095868361,1.0
2013,TAC,2012,8.0,0.488497336858369,0.0469822517570484,1.0
2013,GAS,2012,8.0,0.3717336237882757,1.0359878849471924,1.0
2013,VE3,2012,7.0,2.1561833525572967,0.6728414442700159,0.0295
2013,HTI,2012,7.0,1.5958450559380817,0.3978443653544288,0.026
2013,SEL,2012,7.0,2.5780451204210526,0.6266666666666667,0.025
2013,HT1,2012,7.0,2.322897745602365,1.7600000000000002,0.024
2013,VTB,2012,7.0,2.2289940337866505,0.0932526525198886,0.024
2013,PET,2012,7.0,1.421739360823573,-0.0952662276618003,0.024
2013,RAL,2012,7.0,1.675334190118577,0.2051197297981624,0.023
2013,CYC,2012,7.0,5.371709593248143,0.5357142857142858,0.0215
2013,PPC,2012,7.0,1.0705463445853398,-0.0900938769791191,0.0215
2013,HIG,2012,7.0,3.849955464077609,-0.018181818181818,0.021
2013,PCT,2012,7.0,3.360237576044881,0.6363636363636365,0.021
2013,HST,2012,7.0,2.099435829090909,-0.273305084745764,0.021
2013,DXG,2012,7.0,1.225167767585979,0.6284402265421662,0.021
2013,LM3,2012,7.0,5.439664112770725,0.1785714285714286,0.0205
2013,L44,2012,7.0,2.725716414,-0.0298507462686569,0.0205
2013,NVT,2012,7.0,1.8530158311336349,0.675,0.0205
2013,DMC,2012,7.0,1.1042997698200694,0.7923986486486418,0.0205
2013,BCC,2012,7.0,2.8463352291814172,0.4528301886792452,0.02
2013,HMC,2012,7.0,2.006888784656085,0.3199914839259135,0.02
2013,BTP,2012,7.0,2.616592113608615,0.0557165861513722,0.0195
2013,EMC,2012,7.0,1.9295267539633052,-0.234375,0.0195
2013,RDP,2012,7.0,1.433515115918074,0.1134373810430089,0.0195
2013,TDW,2012,7.0,0.8572702426333789,0.5350488021295432,0.0195
2013,ASP,2012,7.0,2.4864494310711027,0.4200000000000001,0.019
2013,TPH,2012,7.0,2.053593085904972,0.3586956521739124,0.019
2013,THB,2012,7.0,1.4305187486404336,0.5747194831689935,0.019
2013,VCF,2012,7.0,0.2237316956606657,-0.09396432948412,0.019
2013,SVC,2012,7.0,2.156375698741086,0.27261924970294,0.0185
2013,D2D,2012,7.0,1.793465588551402,0.5702367295859758,0.0185
2013,DQC,2012,7.0,1.714159789231407,0.734021277649467,0.0185
2013,BTW,2012,7.0,1.4672784572120674,0.4633027522935782,0.0185
2013,AGM,2012,7.0,0.9042455030944055,-0.1177248677248713,0.0185
2013,WCS,2012,7.0,0.6765207322149532,0.6537634408602153,0.0185
2013,VHH,2012,7.0,3.4755054064367816,0.1818181818181818,0.018
2013,S55,2012,7.0,2.630355983364428,0.8425651658767779,0.018
2013,HAD,2012,7.0,0.9017823202785924,0.2336348728948616,0.018
2013,V12,2012,7.0,2.777511921223543,0.3134288392020399,0.0175
2013,VIP,2012,7.0,2.3559775430141636,0.4356302631578943,0.0175
2013,GTA,2012,7.0,2.112639109281517,0.4024390243902458,0.017
2013,VNG,2012,7.0,1.9685498843916085,1.117647058823529,0.017
2013,KAC,2012,7.0,1.2439970915204082,0.7656250000000002,0.017
2013,VCS,2012,7.0,1.8316743356255671,0.627906976744186,0.0165
2013,BTT,2012,7.0,1.448714247212693,0.5289646145119793,0.0165
2013,FDC,2012,7.0,0.9128673973543312,0.1091142653642756,0.0165
2013,VC7,2012,7.0,2.9792621263920456,0.763157894736842,0.016
2013,KDC,2012,7.0,0.6269123486342137,0.3265573314950463,0.016
2013,SVT,2012,7.0,0.8549248071848233,0.0144927536231884,0.0155
2013,BMP,2012,7.0,0.8184259683746955,0.1533679747521403,0.0155
2013,BLF,2012,7.0,4.900034548363636,-0.1774193548387097,0.015
2013,TLH,2012,7.0,2.4310589417292996,0.2535211267605632,0.015
2013,PTB,2012,7.0,1.3274830775218858,0.585369138362912,0.0145
2013,TIG,2012,7.0,2.6443348997870597,0.9230769230769232,0.0135
2014,TJC,2013,9.0,3.278251475436508,0.7978130360205757,1.0
2014,HHG,2013,9.0,3.0629927284068628,1.811111111111105,1.0
2014,VE1,2013,9.0,2.032505225047619,0.6000000000000001,1.0
2014,NT2,2013,9.0,1.7563480700075604,2.242500131346196,1.0
2014,DHC,2013,9.0,1.729061887196433,0.8602693602693587,1.0
2014,NVT,2013,9.0,1.4275963003008925,-0.417910447761194,1.0
2014,NKG,2013,9.0,1.253484913229705,0.6304347826086958,1.0
2014,DCL,2013,9.0,1.1916099176536563,0.2870967741935484,1.0
2014,VHL,2013,9.0,1.138361616620545,1.0582373979551485,1.0
2014,CHP,2013,9.0,1.1117708820886525,0.8605305887282637,1.0
2014,APC,2013,9.0,1.0110064158972027,0.3022345151837688,1.0
2014,HVT,2013,9.0,0.9727682140586296,0.1563382175023493,1.0
2014,SRC,2013,9.0,0.8301815495036863,0.3401041666666646,1.0
2014,TCM,2013,9.0,0.7260436770843078,0.2883251797072921,1.0
2014,MNC,2013,8.0,1.2968535968082513,-0.0553962264150965,0.449
2014,SJS,2013,8.0,0.8626111258443243,0.2402234636871507,0.4485
2014,PTC,2013,8.0,3.297994809362069,1.4285714285714288,0.447
2014,CVT,2013,8.0,1.4728796193990386,2.00309029454369,0.446
2014,PVS,2013,8.0,0.9121274049767876,-0.045668936100406,0.4455
2014,TST,2013,8.0,3.970258555298913,0.1632653061224489,0.4425
2014,MAC,2013,8.0,2.6671575603598017,0.9836065573770492,0.4425
2014,KBC,2013,8.0,1.3976960477986151,0.3839285714285716,0.4425
2014,CAN,2013,8.0,1.06753842289,0.2259887005649732,0.4415
2014,THT,2013,8.0,1.58014730102346,0.2181069958847779,0.4405
2014,PMS,2013,8.0,0.7802593695688762,-0.000835421888049,0.4405
2014,TAC,2013,8.0,0.5099881904442263,-0.1254748266505909,0.438
2014,SCL,2013,8.0,0.9225865948232324,0.0147733061640307,0.4375
2014,TRA,2013,8.0,0.3276729233796597,0.1081081081081072,0.4375
2014,PTS,2013,8.0,3.0183362634125093,-0.0169491525423728,0.437
2014,LBM,2013,8.0,1.070668652745098,0.1578781512605083,0.436
2014,PGS,2013,8.0,0.8464862765761675,-0.0207019389440928,0.435
2014,TBC,2013,8.0,0.8414167526049097,0.3622547114906957,0.4335
2014,SDA,2013,8.0,2.0298839168659586,1.1666666666666732,0.432
2014,SDH,2013,8.0,1.4704139671837708,-0.4081632653061224,0.432
2014,TVD,2013,8.0,1.3176652971660938,0.1187054367201354,0.432
2014,BBC,2013,8.0,1.312128573011028,0.0464272640990444,0.4315
2014,GAS,2013,8.0,0.2647095523192652,-0.4181085426054975,0.429
2014,TCL,2013,8.0,0.8863824578209982,0.3086143843965867,0.427
2014,TCS,2013,8.0,1.9023552020036196,-0.1407898703647839,0.4265
2014,DNM,2013,8.0,0.7194116835779291,0.1586312823747366,0.4265
2014,PPC,2013,8.0,0.6591074442498829,0.1921697894980412,0.4255
2014,PVG,2013,8.0,1.122250610742734,-0.072072072072072,0.425
2014,VTC,2013,8.0,3.811115717333327,0.2857142857142856,0.4245
2014,TXM,2013,8.0,2.4503633807589287,0.1023368251410166,0.4225
2014,SCJ,2013,8.0,3.461384102176281,0.2778745644599298,0.422
2014,SCR,2013,8.0,1.9809548638151095,0.0459770114942501,0.4205
2014,THB,2013,8.0,1.1222410000690697,0.2899369482976008,0.4205
2014,TMT,2013,8.0,2.2407532189680253,5.38639495660048,0.42
2014,RAL,2013,8.0,0.7527616987886057,0.1572484430353604,0.42
2014,HHC,2013,8.0,1.1588368594513123,0.034750742402229,0.414
2014,TTC,2013,8.0,1.0632879340591257,0.0360528360528333,0.4085
2015,ITC,2014,9.0,2.856533647207597,0.1500000000000001,1.0
2015,TCR,2014,9.0,2.060134125678167,1.3260869565217392,1.0
2015,SVC,2014,9.0,1.8868423816714464,1.8378040514831988,1.0
2015,SHA,2014,9.0,1.7380568050506755,-0.1785497572854421,1.0
2015,SCJ,2014,9.0,1.498683213558106,-0.2175925926166667,1.0
2015,TJC,2014,9.0,1.416043321841398,0.1722850437918606,1.0
2015,HOM,2014,9.0,1.3268459606571088,-0.0294117647058854,1.0
2015,SZL,2014,9.0,1.258247066125683,0.2750204247786465,1.0
2015,CHP,2014,9.0,0.7790894232072368,0.2373873874027774,1.0
2015,DCL,2014,9.0,0.616568023464921,0.588931277311278,1.0
2015,CMX,2014,9.0,0.3996723238417414,-0.2769230769230768,1.0
2015,WCS,2014,8.0,0.3325099501660947,0.2096188747668961,0.3575
2015,VC7,2014,8.0,1.67372198175,1.4242424243555551,0.349
2015,NHA,2014,8.0,1.596351314468968,0.8564279551084208,0.3485
2015,BTS,2014,8.0,1.3198822462455628,-0.0736842105263158,0.343
2015,VSH,2014,8.0,1.0638806281879267,0.2084674665119008,0.3425
2015,TV4,2014,8.0,0.8732272763794827,0.1094274147307685,0.3425
2015,PVS,2014,8.0,0.7782613416036588,-0.2906823359940523,0.3415
2015,VTX,2014,8.0,1.1049062214378222,1.1254770991437506,0.3405
2015,TNB,2014,8.0,1.8167040280657127,0.847826086956522,0.34
2015,SMB,2014,8.0,0.8197901472972777,0.2273288516810816,0.3385
2015,THT,2014,8.0,1.1478526567172844,-0.0829745596416925,0.338
2015,BBC,2014,8.0,0.7424782970798757,0.1649909230370967,0.338
2015,TMP,2014,8.0,0.5130516261791936,0.0269592476403452,0.337
2015,HT1,2014,8.0,0.6712194308931541,0.2807017543859649,0.3365
2015,PSC,2014,8.0,1.893572950436828,0.1966490299407406,0.334
2015,HU1,2014,8.0,1.8245935768314607,0.0149253731287672,0.334
2015,COM,2014,8.0,0.93306874560767,0.3738352826310682,0.334
2015,VC3,2014,8.0,1.6412022068055556,2.1436987002664667,0.333
2015,VSI,2014,8.0,1.2508860029731277,0.3461538461403846,0.3325
2015,BCC,2014,8.0,1.0152365360153703,0.0333333333333334,0.332
2015,LHG,2014,8.0,1.8841548095183465,1.0074735450557402,0.331
2015,SDJ,2014,8.0,0.4637805777683021,-0.2105263157894736,0.331
2015,VOS,2014,8.0,1.4876465685702764,-0.4054054054054054,0.33
2015,GIL,2014,8.0,0.7552037838709802,1.1187871668326852,0.33
2015,TLG,2014,8.0,0.5156157976068058,0.9447869180281728,0.3285
2015,PVB,2014,8.0,0.4177310238639837,-0.5099009900990099,0.328
2015,PTS,2014,8.0,2.478186464020594,0.0172413792844825,0.3275
2015,VCR,2014,8.0,2.5559524952020203,-0.2368421052631578,0.327
2015,SVT,2014,8.0,1.723013394037825,0.2500000000000002,0.327
2015,PVV,2014,8.0,2.3301225073580247,-0.34375,0.3265
2015,VNE,2014,8.0,1.207411971038694,-0.179504279778832,0.3265
2015,VTA,2014,8.0,0.3697395532862903,0.2166666666666665,0.3265
2015,BHT,2014,8.0,2.7833889598861283,-0.2833333333333333,0.3255
2015,CAP,2014,8.0,0.6026596167517414,1.9879576076619216,0.325
2015,CDC,2014,8.0,1.7334782350206566,0.1235955056179773,0.324
2015,SRC,2014,8.0,0.5190377970510943,0.4175493180711815,0.3235
2015,DXV,2014,8.0,2.2214076807874665,0.0714285714285714,0.323
2015,LSS,2014,8.0,2.204074943269173,0.868758434457692,0.323
2015,SDU,2014,8.0,1.1954406344428572,-0.0697674418604651,0.323
2015,TCL,2014,8.0,0.7643667659382608,0.0868421052926311,0.3225
2015,SHP,2014,8.0,0.6359920206827577,0.1287387387527774,0.3225
2015,DHA,2014,8.0,1.5074721294697475,1.3022148416466854,0.3215
2015,PVX,2014,8.0,0.5798412272614584,-0.4499999999999999,0.321
2015,NT2,2014,8.0,0.7937133225201854,0.8084444530322517,0.3205
2015,APC,2014,8.0,0.8107794121962361,0.0016263336306012,0.32
2015,KAC,2014,8.0,0.7286218515975067,-0.2150537634408601,0.32
2015,HUT,2014,8.0,0.9641926966946864,-0.1129059829059827,0.319
2015,TIG,2014,8.0,1.2066270943115214,-0.3245724572457238,0.318
2015,HAX,2014,8.0,1.0436015049106735,3.166666666666666,0.318
2015,VIT,2014,8.0,0.940250993132545,0.715716440474667,0.318
2015,SC5,2014,8.0,0.8834452906975102,0.184011220206957,0.318
2015,MCG,2014,8.0,1.538045490694553,-0.4821428571428571,0.3155
2015,SFI,2014,8.0,0.9293707805167906,0.0670708601287355,0.3155
2015,VIS,2014,8.0,1.5628060563255315,0.4268292682926828,0.314
2015,VTO,2014,8.0,1.563392315518419,0.439912200428169,0.3085
2015,VNA,2014,8.0,2.972084538763889,-0.25,0.308
2015,PVC,2014,8.0,0.7731652132326693,-0.4218942189667894,0.306
2015,GAS,2014,8.0,0.269326932981478,0.0764708985764914,0.2945
2016,MIC,2015,9.0,1.7355184558272014,0.02,1.0
2016,NNG,2015,9.0,1.2936540961558165,-0.3862068965517241,1.0
2016,ACE,2015,9.0,1.2484579867156818,-0.004778972600359,1.0
2016,DTT,2015,9.0,1.145784943740093,0.3479843225000005,1.0
2016,TNB,2015,9.0,1.116701558367647,-0.0980392157176471,1.0
2016,LDG,2015,9.0,1.0955359752706553,0.7833584905660378,1.0
2016,VTX,2015,9.0,0.8406209233659998,0.0653907495757575,1.0
2016,SMB,2015,9.0,0.7204210147502202,0.4315943442461905,1.0
2016,CHP,2015,9.0,0.6234541121637757,0.4202737004146337,1.0
2016,VTA,2015,9.0,0.5928898393097015,-0.2876712328767123,1.0
2016,HT1,2015,9.0,0.5278362578835774,-0.0712328767123288,1.0
2016,TLT,2015,9.0,0.0910936188088357,-0.1658536585365854,1.0
2016,HOM,2015,8.0,1.8045775025273865,-0.1515151515151516,0.521
2016,UDC,2015,8.0,2.859472487057915,0.05,0.5155
2016,SGS,2015,8.0,1.1586168650312068,0.4666666666666665,0.5145
2016,SFN,2015,8.0,1.022157479437751,0.2165174406821137,0.5115
2016,TMC,2015,8.0,1.1527274392452598,0.1334760812149535,0.511
2016,SLS,2015,8.0,0.5657703944117647,0.7485328509179194,0.5085
2016,POM,2015,8.0,1.830300574004758,0.731182795698925,0.507
2016,DGC,2015,8.0,0.3842807157191992,-0.2329041201604791,0.507
2016,SSM,2015,8.0,1.1892272513833548,0.1934117747070725,0.5065
2016,VSI,2015,8.0,1.051142749791392,0.3465160075888889,0.506
2016,CLG,2015,8.0,1.722402330196399,0.3999999999999999,0.505
2016,DHC,2015,8.0,0.6245952678817469,-0.0717299578430382,0.5045
2016,PXT,2015,8.0,0.5213589930638298,-0.5405797101449276,0.503
2016,L10,2015,8.0,1.4081371316805555,0.0884353740999996,0.502
2016,HDM,2015,8.0,0.4801033843495085,-0.0929951491087345,0.502
2016,BLF,2015,8.0,3.4876078679183675,0.0249999999999999,0.5015
2016,CSV,2015,8.0,0.6300907939549666,0.3744855967078189,0.5015
2016,HTI,2015,8.0,1.0504727614711675,0.322058459299082,0.501
2016,TCR,2015,8.0,2.391752184499833,-0.6190446521379439,0.5005
2016,PTL,2015,8.0,5.129243167329411,0.3043478260869565,0.5
2016,CDC,2015,8.0,2.1090323931393007,0.6666535433374998,0.5
2016,PAC,2015,8.0,0.4905704451127065,0.4626525693013423,0.498
2016,GSP,2015,8.0,0.8390347201998608,0.0241704959767083,0.496
2016,STV,2015,8.0,1.0076511554700978,0.1600000000000001,0.4955
2016,MDG,2015,8.0,2.061384627781729,-0.0823640296642624,0.4945
2016,BTS,2015,8.0,1.2589510157927473,-0.1818181818181817,0.494
2016,ICN,2015,8.0,0.9628373376148148,0.0990983932887037,0.494
2016,PTB,2015,8.0,0.4446834217912074,0.2347954882480614,0.493
2016,UNI,2015,8.0,1.0741226655222464,-0.3417721518987342,0.492
2016,UIC,2015,8.0,1.1769106845631068,0.4054423910691604,0.4895
2016,SVC,2015,8.0,0.7814016817866224,0.05,0.4895
2016,SD9,2015,8.0,1.6305505887932386,-0.245437674009836,0.489
2016,CAV,2015,8.0,0.4398980728919142,0.0113165370077863,0.488
2016,NET,2015,8.0,0.464608300980106,-0.1488876924137168,0.4865
2016,VCA,2015,8.0,1.5740434606603162,0.2889630078505154,0.4855
2016,SGC,2015,8.0,0.4148769157665384,0.5380067494568024,0.4855
2017,POM,2016,9.0,1.757448844345288,-0.0062111801242237,1.0
2017,MDG,2016,9.0,1.165639620020564,0.1775362318821707,1.0
2017,BHP,2016,9.0,1.0859333351821108,-0.0205270457285714,1.0
2017,PJT,2016,9.0,1.0580151927575614,0.1119999999871996,1.0
2017,VCG,2016,9.0,0.9725873193207728,-0.1669662113311167,1.0
2017,VNG,2016,9.0,0.8417659775327635,-0.0068965517241379,1.0
2017,SZL,2016,9.0,0.7697413668372781,-0.0961127437652279,1.0
2017,HNF,2016,9.0,0.7058926385025,0.9103254729362862,1.0
2017,MCP,2016,9.0,0.6649080518041381,0.4089756338234167,1.0
2017,HVT,2016,9.0,0.6398150135302421,0.6126780300932997,1.0
2017,AMV,2016,9.0,0.6257421025199543,-0.0184049079754601,1.0
2017,CVT,2016,9.0,0.5203739187541195,-0.1960147148731758,1.0
2017,SMB,2016,9.0,0.4976121264326455,0.32487469767148,1.0
2017,VLG,2016,8.0,2.023147060826646,-0.1183908045759998,0.3515
2017,SFN,2016,8.0,0.5670995991081382,0.1412933840639785,0.3475
2017,NTC,2016,8.0,0.5036802579883334,0.4699331848552337,0.3445
2017,CNG,2016,8.0,0.4217423583605664,-0.0853653169087497,0.3435
2017,SBA,2016,8.0,1.002974046856248,0.0837205089421435,0.342
2017,SGT,2016,8.0,1.3044083383119187,-0.4411764705882353,0.3395
2017,TLT,2016,8.0,0.3655481128394232,-0.3567251461988304,0.339
2017,SFG,2016,8.0,1.0106298585158575,-0.0203153152726114,0.338
2017,PSC,2016,8.0,1.000692833366402,0.1948632580110343,0.3375
2017,VTX,2016,8.0,0.9443114486163522,-0.19067982455875,0.3375
2017,PGD,2016,8.0,0.3924857197837897,-0.249015748031496,0.3365
2017,GSM,2016,8.0,1.1332818782259255,0.1899999999999999,0.335
2017,ASM,2016,8.0,0.8057976123333302,-0.0053191489361701,0.333
2017,NVT,2016,8.0,4.708571881257969,0.2656641604010026,0.332
2017,TV1,2016,8.0,0.7757019019929289,-0.2266009852216748,0.332
2017,BCC,2016,8.0,1.1695109203018843,-0.5257016714172186,0.331
2017,VTA,2016,8.0,1.0014111827330507,0.5,0.3305
2017,VIT,2016,8.0,0.5703734236338384,-0.3681117375585057,0.33
2017,KSB,2016,8.0,0.3987054226194683,-0.3806373210891304,0.3295
2017,CGP,2016,8.0,0.3153271123376623,0.25,0.3295
2017,TLG,2016,8.0,0.2388441354568323,-0.0496295976746309,0.3295
2017,BTW,2016,8.0,1.000604328518612,-0.1337694563096773,0.3285
2017,VTS,2016,8.0,1.9590398037167291,-0.145985401459854,0.328
2017,TIS,2016,8.0,1.3007017600906103,0.087719298245614,0.3275
2017,CLW,2016,8.0,0.9939847268566002,0.0065154848821051,0.3275
2017,ACE,2016,8.0,0.843541438730828,-0.02100706179584,0.3265
2017,HLY,2016,8.0,1.367172173878788,-0.057750759843085,0.326
2017,VGG,2016,8.0,0.4548927717747224,-0.0074726505150574,0.3255
2017,HMC,2016,8.0,1.8979941257310924,0.5296991120849641,0.325
2017,ANV,2016,8.0,3.588697800778051,2.6723482305944364,0.3245
2017,HT1,2016,8.0,0.6640454687381818,-0.4574517962654868,0.324
2017,APC,2016,8.0,0.9819856131568204,0.1119402985074626,0.323
2017,VC3,2016,8.0,0.3904797838660113,-0.2103004291845492,0.323
2017,VCR,2016,8.0,3.006440682289272,-0.0952380952380952,0.3225
2017,HNP,2016,8.0,0.9695323029304348,-0.1176007143568466,0.3225
2017,TSB,2016,8.0,0.9812032680061716,-0.1371872304098359,0.3215
2017,RCD,2016,8.0,0.9672696804571074,-0.2774784482166553,0.3215
2017,DC2,2016,8.0,2.450917139047619,0.3427109973941173,0.321
2017,TPC,2016,8.0,1.6968033269095937,0.5946834749073036,0.3205
2017,HAP,2016,8.0,3.8473254573967033,-0.1730337078651687,0.32
2017,RAL,2016,8.0,0.5585056605902888,-0.2245372075132754,0.3195
2017,S4A,2016,8.0,0.6846743562114929,0.6386537069048039,0.319
2017,SAV,2016,8.0,2.532516645506764,-0.2411871593298031,0.318
2017,VHC,2016,8.0,0.446932110966401,0.0314259057625423,0.318
2017,KKC,2016,8.0,1.0257328559460654,-0.0894488188666666,0.3175
2017,VCF,2016,8.0,0.4548295032935598,0.0393987012126697,0.3165
2017,SDI,2016,8.0,0.5356223703883455,0.2135922330097086,0.316
2017,SDP,2016,8.0,3.467271348035817,-0.5925925925925926,0.3145
2017,IFS,2016,8.0,0.2729452234420167,0.4615384615384614,0.3115
2017,WSB,2016,8.0,0.600789136453202,0.0216190631151549,0.308
2017,UDC,2016,8.0,5.344181412485714,-0.1798941798941798,0.3075
2017,VDT,2016,8.0,1.041257535658353,-0.4408201304655172,0.3065
2018,TCS,2017,9.0,2.372933043937596,0.9026722925777776,1.0
2018,TND,2017,9.0,2.3147577461502657,0.8933333333333333,1.0
2018,DPR,2017,9.0,1.2400846487889088,0.4529071101253756,1.0
2018,INC,2017,9.0,1.2169358571818183,-0.1619318181818179,1.0
2018,JVC,2017,9.0,1.1465147223270895,-0.1134969325153374,1.0
2018,TCL,2017,9.0,1.1162775697908691,0.1160975609680003,1.0
2018,GSM,2017,9.0,1.026873829292797,-0.1596638655462184,1.0
2018,DRI,2017,9.0,1.00627302746357,-0.0624999999999998,1.0
2018,QTP,2017,9.0,0.9817858443814816,-0.045045045045045,1.0
2018,NHT,2017,9.0,0.5823577911418653,0.949762166143246,1.0
2018,SHP,2017,9.0,0.5772229680985753,0.0550458715596331,1.0
2018,CHP,2017,9.0,0.5637784922873971,-0.0195652173913042,1.0
2018,S4A,2017,9.0,0.5440592360601689,0.0437281960187709,1.0
2018,VCP,2017,9.0,0.5287234328500727,0.4056144214497619,1.0
2018,HVT,2017,9.0,0.5042972790901303,0.0452054467605442,1.0
2018,TMP,2017,9.0,0.4302111780247334,0.358314634350626,1.0
2018,API,2017,9.0,0.3812698936590917,0.5789473684210527,1.0
2018,SEB,2017,9.0,0.3520401528707415,-0.0372217175341835,1.0
2018,TNS,2017,9.0,0.2660656206956521,-0.3214285714285714,1.0
2018,STK,2017,8.0,0.7060317710355833,0.9338332409845104,0.293
2018,DHT,2017,8.0,0.2708363519829162,-0.0677127620741516,0.2845
2018,AGM,2017,8.0,2.222981331238425,0.0555555556,0.283
2018,GEG,2017,8.0,0.8076337381754093,1.0781150607358143,0.282
2018,APC,2017,8.0,0.2730505861742109,-0.1040268456375839,0.2795
2018,VOS,2017,8.0,1.3571123526530613,-0.1158536585365853,0.279
2018,SJD,2017,8.0,0.6724937440507018,-0.0456698930119231,0.279
2018,CLL,2017,8.0,0.6122021707075422,-0.0195422452659197,0.2785
2018,IFS,2017,8.0,0.367953388040695,1.6315789473684208,0.278
2018,SBA,2017,8.0,0.7218556755283156,0.0166002333719592,0.2745
2018,DCM,2017,8.0,0.8510104737612225,-0.1239129434312799,0.274
2018,DVP,2017,8.0,0.3825405162187011,-0.1401462286406076,0.274
2018,HOT,2017,8.0,0.7796308481075419,0.0516686476038514,0.273
2018,TC6,2017,8.0,2.492305330732885,0.3465447154878049,0.272
2018,VNE,2017,8.0,1.32288424145146,-0.2919235975431193,0.272
2018,VRG,2017,8.0,1.915685956724945,1.8085106382978724,0.2715
2018,VPH,2017,8.0,1.3382517851214917,-0.063138756013478,0.2715
2018,GTN,2017,8.0,0.6525549831476544,1.010989010989011,0.27
2018,VIP,2017,8.0,1.9754417893405491,-0.0976022779856115,0.2685
2018,QHW,2017,8.0,0.6080276396043165,-0.2604651162790695,0.2685
2018,PDR,2017,8.0,0.3567008701165355,0.0457003257328991,0.268
2018,SAV,2017,8.0,1.86903913152264,0.2856435643625001,0.2675
2018,STC,2017,8.0,0.604866400888497,-0.1832158872735424,0.2675
2018,HND,2017,8.0,0.7977864666952308,0.2062513756816351,0.267
2018,HPD,2017,8.0,1.1741494990029695,0.2934444628052473,0.266
2018,PDN,2017,8.0,0.3700333373440472,0.5248449179591834,0.266
2018,VCW,2017,8.0,0.4439042033104167,-0.0436974424178083,0.265
2018,SCS,2017,8.0,0.1310873848066889,-0.0695262530532679,0.265
2018,NBB,2017,8.0,0.9062382028232936,0.0794871794871794,0.2645
2018,MLN,2017,8.0,4.179882375309445,0.0,0.263
2018,RAL,2017,8.0,0.4830382943543642,-0.1870249227131309,0.2615
2018,OCH,2017,8.0,0.7906484013598685,0.75,0.261
2018,MDG,2017,8.0,1.0465435679835655,0.0232040568318454,0.2595
2018,TCM,2017,8.0,0.7213738907526779,0.5198910063063789,0.2595
2018,NAV,2017,8.0,1.7794501431603773,1.0861814847482685,0.2575
2018,MSR,2017,8.0,0.6608462927659665,0.0276669272376681,0.2575
2018,DDV,2017,8.0,1.043743629983576,0.2686567164179105,0.255
2018,HSI,2017,8.0,0.0308543770833333,-0.3461538461538461,0.255
2018,VTO,2017,8.0,1.622933226425152,0.1749609848794522,0.2525
2018,ANV,2017,8.0,1.0116655075998502,0.3335009907226129,0.2485
2018,POM,2017,8.0,1.125365097750988,-0.5133125000000001,0.247
2019,DST,2018,9.0,4.718544204334365,3.545454545454546,1.0
2019,ITQ,2018,9.0,3.181011237437388,-0.111111111111111,1.0
2019,VOS,2018,9.0,2.8679382438212095,-0.0206896551724138,1.0
2019,MPT,2018,9.0,2.454430161052847,-0.4615384615384615,1.0
2019,VIP,2018,9.0,2.412521769974166,-0.0553571428571428,1.0
2019,RIC,2018,9.0,2.3398499679103755,-0.2012288786482334,1.0
2019,VNA,2018,9.0,1.5816534978636363,-0.1785714285714286,1.0
2019,TVT,2018,9.0,1.2032019376226826,-0.1297130970222889,1.0
2019,STK,2018,9.0,0.9538746280207896,-0.3138075313807531,1.0
2019,PDN,2018,9.0,0.5506936658594225,0.2451453884988703,1.0
2019,ANV,2018,9.0,0.5185468649466176,-0.3556984478669091,1.0
2019,MSH,2018,9.0,0.4780749372371652,-0.4009090909140833,1.0
2019,NTC,2018,9.0,0.4671268432693528,0.4152350112265393,1.0
2019,ACV,2018,9.0,0.1566570946802028,-0.3921605186855671,1.0
2019,BRC,2018,8.0,1.7686409489845292,0.1192443054009433,0.4345
2019,NBB,2018,8.0,0.9622465163182288,0.0625960597743469,0.426
2019,HAP,2018,8.0,3.644832676106926,-0.041270186540634,0.423
2019,CIG,2018,8.0,1.8579764101589,-0.2666666666666667,0.423
2019,TDN,2018,8.0,2.291539669684338,0.2668621701090909,0.4215
2019,VTA,2018,8.0,1.334248332324219,-0.3461538461538461,0.4195
2019,TNG,2018,8.0,0.9694979789059428,-0.4054580896953703,0.4185
2019,VCC,2018,8.0,1.2838888154372938,-0.2241379310344827,0.4175
2019,HVT,2018,8.0,0.361160207163495,-0.1423977129876941,0.4175
2019,TTZ,2018,8.0,1.200766246331282,-0.6867469879518072,0.4165
2019,OGC,2018,8.0,0.2496457960018832,-0.1538461538461538,0.416
2019,PSP,2018,8.0,1.8176064022868852,-0.1595643939062501,0.415
2019,VCP,2018,8.0,0.4152288839245945,0.5525931337418921,0.415
2019,ACL,2018,8.0,0.816917281955408,-0.3983768525009172,0.414
2019,VTO,2018,8.0,1.8984814744126912,0.0077922077922076,0.413
2019,CMX,2018,8.0,0.6783164356302261,-0.2534804966823027,0.413
2019,MSR,2018,8.0,0.7096649000274399,-0.0857887308284153,0.4125
2019,TCS,2018,8.0,2.038936655488923,0.1028562259763159,0.412
2019,KHP,2018,8.0,1.4859216851562247,-0.0826086956096839,0.4115
2019,HT1,2018,8.0,0.9923430962749196,-0.0963815789649997,0.4115
2019,PPC,2018,8.0,0.9568341192019412,-0.0826214502676994,0.41
2019,SD5,2018,8.0,2.6008256361052355,-0.1702741702575759,0.4095
2019,BCC,2018,8.0,2.634844166455774,-0.1341463414634146,0.409
2019,SCD,2018,8.0,0.9982725302347666,-0.3125,0.4085
2019,CKV,2018,8.0,1.029808135270837,-0.1676082862848484,0.408
2019,NVT,2018,8.0,0.3998665111668178,-0.4035714285714286,0.408
2019,APF,2018,8.0,1.160034734468364,0.4155245796364739,0.407
2019,SCS,2018,8.0,0.099260263432134,-0.2688127090521739,0.4045
2019,GVT,2018,8.0,0.7650932775408762,0.5136086396195436,0.404
2019,VC6,2018,8.0,1.9559050186979168,0.0744810744703301,0.402
2019,HND,2018,8.0,1.1384563555586,0.5073333332795005,0.402
2019,IFS,2018,8.0,0.4789203311804084,-0.2799999999999999,0.402
2019,FCM,2018,8.0,1.7978992811500325,-0.0617647058823531,0.4015
2019,TCM,2018,8.0,1.0165011599267473,-0.2834742734622063,0.4015
2019,GMC,2018,8.0,0.6986067754835602,-0.5193371704160367,0.401
2019,PC1,2018,8.0,0.9473194929225514,-0.0846994535519125,0.397
2019,IDI,2018,8.0,1.7901846800199868,-0.3273891766105954,0.394
2019,TVD,2018,8.0,1.99944024384602,0.1513466042321427,0.3925
2019,BTU,2018,8.0,1.1998028720125786,0.2886597938144331,0.387
2020,VKC,2019,9.0,4.297451708571429,0.6666666666666667,1.0
2020,DZM,2019,9.0,3.763323314979152,0.3846153846153846,1.0
2020,HLD,2019,9.0,1.3872951227909092,0.9243986254999994,1.0
2020,QNC,2019,9.0,1.3338033430498266,1.3103448275862069,1.0
2020,CLH,2019,9.0,1.1060148741708862,0.7967338235217174,1.0
2020,HEC,2019,9.0,1.1058683291984126,0.6830176462071147,1.0
2020,GVR,2019,9.0,1.1025660405030897,2.3376623375454537,1.0
2020,TCW,2019,9.0,0.902359328712354,0.8031914893617023,1.0
2020,CSM,2019,9.0,0.877301737263394,0.2797972880606312,1.0
2020,SNZ,2019,9.0,0.7197861815731488,0.3678565956485982,1.0
2020,PPP,2019,9.0,0.6514736271397968,-0.1572519083999999,1.0
2020,DRC,2019,9.0,0.589656542969087,0.9038019082293473,1.0
2020,NCP,2019,9.0,0.535665166580092,-0.2959183673469387,1.0
2020,DPG,2019,9.0,0.4856588377611632,1.112359550561798,1.0
2020,PDN,2019,9.0,0.4395474738796183,0.0436363636550003,1.0
2020,BHN,2019,9.0,0.2584089573064606,0.308719033030769,1.0
2020,ACV,2019,9.0,0.2247812650618002,0.2915951972555746,1.0
2020,HTL,2019,8.0,0.9096178622363466,0.5540361215221787,0.2245
2020,MVB,2019,8.0,2.4752055298742137,1.3301865071089105,0.2185
2020,VRG,2019,8.0,1.26169386868998,0.6767027864355266,0.211
2020,HAD,2019,8.0,0.9804300831770834,0.4971428571680001,0.211
2020,SRC,2019,8.0,0.7465558329351957,0.2857142857142856,0.21
2020,PMS,2019,8.0,1.6702182628892477,0.5893181818181821,0.2085
2020,VC2,2019,8.0,1.0422891526968174,0.5579029734626988,0.207
2020,THG,2019,8.0,0.6742726784047922,0.7404609938741458,0.206
2020,NBW,2019,8.0,0.4243364580359219,-0.000707547125,0.206
2020,AST,2019,8.0,0.1542004779419608,0.0591133004827588,0.206
2020,TCR,2019,8.0,4.703369861110361,0.4021352313167259,0.2055
2020,BSL,2019,8.0,0.8227385001285714,0.1163823945087985,0.2055
2020,VIM,2019,8.0,0.8845263326923077,0.4431836471877193,0.205
2020,KDF,2019,8.0,0.3764943736218092,0.5972696245733788,0.2045
2020,TSC,2019,8.0,3.470996614391485,3.2911877394636013,0.203
2020,VNS,2019,8.0,2.319201122153942,0.0340317460651999,0.203
2020,PIT,2019,8.0,2.0672756839297173,0.5128205128205128,0.203
2020,BSA,2019,8.0,1.05925081744712,0.2046070460666664,0.203
2020,AAA,2019,8.0,1.3461702653537313,0.7696751088425315,0.2025
2020,SHN,2019,8.0,1.3046173950924596,1.0,0.2025
2020,TVD,2019,8.0,1.7475575118921387,1.1650507849403504,0.2015
2020,TDC,2019,8.0,1.4394393920546968,1.7297200287500003,0.2015
2020,IFS,2019,8.0,0.4617780187614641,0.211111111111111,0.2015
2020,BCC,2019,8.0,2.581401041912759,0.727112676056338,0.2005
2020,PHP,2019,8.0,1.1944673057730824,1.60790273557234,0.2
2020,NT2,2019,8.0,0.6621625397747513,0.0844063526738319,0.2
2020,BHK,2019,8.0,0.6959312133756025,0.2872727273030113,0.1995
2020,SJ1,2019,8.0,0.6328860924007195,0.0797704996324415,0.199
2020,HAR,2019,8.0,2.6536043586183955,0.7384105960264902,0.1985
2020,NVT,2019,8.0,0.4941680531506396,1.1956087824351296,0.1985
2020,PGV,2019,8.0,1.1388856518101222,0.6666666666666665,0.198
2020,TND,2019,8.0,2.2046636835795455,-0.0256410256410256,0.1975
2020,WSB,2019,8.0,0.9053299949153732,0.5251920165025474,0.1975
2020,SDD,2019,8.0,3.285684175199064,0.6190476190476191,0.197
2020,POW,2019,8.0,1.0026942899522746,0.2808877730871135,0.196
2020,SHP,2019,8.0,0.6220822574167673,-0.080232264555294,0.196
2020,TA9,2019,8.0,1.2996168767885214,0.4050179211870972,0.195
2020,QTP,2019,8.0,0.9542229834530216,0.2374727668393159,0.1945
2020,BTS,2019,8.0,2.733972178417671,0.9922779922594596,0.194
2020,MSH,2019,8.0,0.5246261139393379,0.9610500997723824,0.194
2020,SZB,2019,8.0,0.5929935414537346,0.3769230769230769,0.1935
2020,NSH,2019,8.0,6.744119200719931,4.466666666666667,0.192
2020,DNW,2019,8.0,0.7147364514973262,0.4235656028992116,0.192
2020,LIX,2019,8.0,0.3985041021016365,0.1365227607711336,0.192
2020,PVC,2019,8.0,2.230710174836364,1.1149425288017245,0.1915
2020,SAV,2019,8.0,2.1422530218759555,2.5787698060078053,0.1915
2020,CHS,2019,8.0,2.03319990506245,0.3558536585365857,0.1915
2020,HPP,2019,8.0,1.418702859905141,1.071281797257086,0.191
2020,BSP,2019,8.0,0.816538424653617,0.1104166666700527,0.191
2020,BTW,2019,8.0,0.6851856639736221,0.4600831723025829,0.191
2020,MAS,2019,8.0,0.2521445756978951,0.2571428571428571,0.191
2020,SHC,2019,8.0,2.00448769914403,0.6000000000000001,0.1905
2020,HEP,2019,8.0,1.7932517705220885,0.3634693877149999,0.1895
2020,PTT,2019,8.0,2.7477889755609755,-0.0566037735849056,0.189
2020,PDB,2019,8.0,1.6541958601796307,0.2727272727272729,0.189
2020,VIT,2019,8.0,1.0314665974777604,0.6781385051811948,0.189
2020,PSP,2019,8.0,1.8422815923483609,0.6199999999999999,0.188
2020,HT1,2019,8.0,0.9388721631689402,0.2844295871044773,0.188
2020,UIC,2019,8.0,0.965751909777628,0.2759139538433766,0.187
2020,BAX,2019,8.0,0.4383044209906117,0.9640369707079356,0.187
2020,NTL,2019,8.0,0.7086715333054693,0.8695381146318277,0.1865
2020,STG,2019,8.0,0.9511875283966604,0.2535211267605635,0.1845
2020,PGC,2019,8.0,0.951499664501702,0.4098049837899997,0.183
2020,SMB,2019,8.0,0.4013837942411251,0.4693086133144974,0.1805
2020,BHP,2019,8.0,1.8580620280876132,0.2068965517241379,0.179
2020,NET,2019,8.0,0.3001861816058224,0.4293087971250002,0.1755
2021,HKP,2020,9.0,3.1745249775609756,0.538095238095238,1.0
2021,PTS,2020,9.0,1.993961759797812,0.4651639344375,1.0
2021,YBM,2020,9.0,1.719302370976676,0.1729957551043115,1.0
2021,BBS,2020,9.0,1.5579676431286549,0.0978428351327274,1.0
2021,PVP,2020,9.0,1.5070849362477756,-0.2429850146141103,1.0
2021,VPA,2020,9.0,1.295909320093262,-0.4246575342465754,1.0
2021,PIC,2020,9.0,1.1896476196037953,0.2450980392666666,1.0
2021,QTP,2020,9.0,1.1466350035632769,0.2702624085065905,1.0
2021,BHA,2020,9.0,1.0279544290242424,0.125,1.0
2021,TTS,2020,9.0,0.9180315183134798,-0.347457627118644,1.0
2021,DNS,2020,9.0,0.9068807693016154,-0.2924528301886793,1.0
2021,DCM,2020,9.0,0.8500324145722921,0.6282631510119043,1.0
2021,HND,2020,9.0,0.7281090198248421,-0.1061452513966481,1.0
2021,DBC,2020,9.0,0.7082288934395495,-0.3250134419017432,1.0
2021,CSM,2020,9.0,0.6993247837342602,-0.0083798882681564,1.0
2021,TDW,2020,9.0,0.6519110244969041,0.3364413363878789,1.0
2021,DNW,2020,9.0,0.6239677557166666,0.2578585936374409,1.0
2021,NTP,2020,9.0,0.6105858420052164,-0.2337129331018095,1.0
2021,SCI,2020,9.0,0.5696348101879299,-0.7256410256410257,1.0
2021,VGR,2020,9.0,0.5532056191884058,0.0979249828208246,1.0
2021,CDN,2020,9.0,0.5259005167164235,0.1024362328129493,1.0
2021,TCM,2020,9.0,0.5051232245337376,-0.4071507760532151,1.0
2021,VGI,2020,9.0,0.2967894961866503,-0.263803680981595,1.0
2021,DRC,2020,8.0,0.6188969669191791,-0.0499643626885014,0.12
2021,NUE,2020,8.0,1.268707650597826,0.257208765882353,0.1195
2021,HLD,2020,8.0,0.8592654245255905,-0.1478328173411764,0.114
2021,RCC,2020,8.0,0.6460007520662313,0.9082969432314412,0.114
2021,DTK,2020,8.0,0.7657034973626408,0.1283488245220336,0.1125
2021,BII,2020,8.0,2.6677129164162428,-0.3382352941176471,0.111
2021,SBA,2020,8.0,0.8605988413473353,0.4346009941617554,0.111
2021,HAX,2020,8.0,0.7687571148121018,-0.1709401709401709,0.1105
2021,KKC,2020,8.0,1.8441804588364168,-0.2241379310344827,0.11
2021,STP,2020,8.0,2.3318108405479574,0.2079065665403012,0.1095
2021,DHD,2020,8.0,1.288897966324,0.25,0.109
2021,PAS,2020,8.0,1.0864500871485545,-0.3447145280110345,0.109
2021,BTD,2020,8.0,1.3066415489132222,-0.1022172639718309,0.1085
2021,VSC,2020,8.0,0.5915622059344613,0.3526229220889287,0.1085
2021,HJS,2020,8.0,0.3866518239560539,0.130905100326814,0.1075
2021,X20,2020,8.0,1.593180024921095,0.006766917328421,0.107
2021,PHN,2020,8.0,0.5819813524153912,0.2080658379108217,0.107
2021,VLC,2020,8.0,0.4554204571317995,-0.3764892623860317,0.107
2021,TBC,2020,8.0,0.6442429302970794,0.1717754766853696,0.1065
2021,SDK,2020,8.0,0.6166752012435898,-0.1029001074329826,0.1065
2021,GTA,2020,8.0,1.20578331511396,0.0799352002308722,0.106
2021,LHC,2020,8.0,0.7897524359293874,0.6754774198338709,0.106
2021,PBP,2020,8.0,1.6251017684387343,0.1640659340529999,0.1055
2021,DP1,2020,8.0,0.7672485291601856,-0.0724815725202699,0.1055
2021,ITQ,2020,8.0,3.448823562840806,-0.1224489795918367,0.105
2021,TVD,2020,8.0,1.4340192558796967,0.3648261249309736,0.104
2021,BFC,2020,8.0,0.9779490832203406,-0.1384403984975608,0.104
2021,NDN,2020,8.0,0.7131833390429088,-0.3424050372926613,0.104
2021,VTB,2020,8.0,1.4676049738374115,-0.0062111801600001,0.103
2021,KGM,2020,8.0,1.3303344118463631,0.5047021943272729,0.103
2021,HLC,2020,8.0,1.678097892157983,0.2972702228826445,0.1025
2021,QSP,2020,8.0,0.8039104817388079,0.1683673469387754,0.1025
2021,FOX,2020,8.0,0.3073956720439113,-0.0949513439337571,0.1025
2021,DPM,2020,8.0,1.0987154586741268,1.263699449485136,0.102
2021,HAD,2020,8.0,0.844425230745614,-0.1470588235388891,0.102
2021,MLS,2020,8.0,0.5161085184449244,-0.562657151916067,0.102
2021,SEB,2020,8.0,0.2896825682058808,0.1012409841861945,0.102
2021,CBI,2020,8.0,0.2222755939155612,-0.5217391304347826,0.102
2021,PSW,2020,8.0,1.16471761409388,0.6780409474808511,0.1015
2021,ANT,2020,8.0,1.1305522188945578,0.404040404040404,0.1015
2021,CHP,2020,8.0,0.6510642456498597,0.4239174315447094,0.1015
2021,SZB,2020,8.0,0.5552921469343137,0.1238361266737428,0.1015
2021,GTN,2020,8.0,0.3793675218410256,0.0296495956873314,0.1015
2021,CMT,2020,8.0,2.7863895185735292,-0.1,0.101
2021,VOC,2020,8.0,0.8098083426468731,-0.4352040816207143,0.101
2021,RAL,2020,8.0,0.6805863336917111,-0.3518038151481779,0.101
2021,MDC,2020,8.0,1.690104120695792,0.0990990990990992,0.1005
2021,DDV,2020,8.0,0.9831706031283488,0.0584415584415585,0.1005
2021,MCM,2020,8.0,0.1890768377776303,-0.0281323092968712,0.1
2021,KSV,2020,8.0,0.8077788383,0.332334276753681,0.0995
2021,PSL,2020,8.0,0.5659611313862434,-0.1719909564916649,0.0995
2021,PDN,2020,8.0,0.4548133710708082,0.2878357376300298,0.0995
2021,NDT,2020,8.0,2.623583423284314,0.485714285714286,0.099
2021,VGS,2020,8.0,1.4045067765093862,-0.0947368421052631,0.0985
2021,DTL,2020,8.0,1.5092501702725698,-0.2478134110787172,0.098
2021,CLL,2020,8.0,0.595586742857685,-0.0626610580828701,0.098
2021,THG,2020,8.0,0.5927421372654663,-0.1049063163229132,0.098
2021,FIC,2020,8.0,1.4171779475524144,1.213592233009709,0.0975
2021,DC1,2020,8.0,1.3734790238604224,-0.1834119257549132,0.0965
2021,TTA,2020,8.0,0.6214301370159805,-0.1503999999999999,0.096
2021,VC2,2020,8.0,1.911237952616352,0.5190681668475137,0.0955
2021,BT1,2020,8.0,1.5256727325421244,0.1141259971459769,0.095
2021,SMC,2020,8.0,1.2788457042227428,-0.441739975389992,0.0935
2021,CLH,2020,8.0,0.7495769794047619,0.6804509928412905,0.0915
2021,CQT,2020,8.0,1.8462753430564105,0.6901408450704225,0.091
2021,DHA,2020,8.0,0.5981581150982176,-0.066782356855875,0.091
2021,GIC,2020,8.0,0.9263872026281896,-0.1143021330045173,0.0895
2021,TNS,2020,8.0,0.0841777689782608,-0.2241379310344827,0.0895
2022,DCM,2021,9.0,0.3835254908325604,-0.1458470249282442,0.9245
2022,LHG,2021,9.0,0.5521112783973441,-0.1323753586609757,0.9235
2022,DRG,2021,9.0,0.5557810521065258,-0.3879310344827587,0.923
2022,EAD,2021,9.0,0.6636191870081636,0.0,0.922
2022,HVT,2021,9.0,0.461068287091404,0.1638930139042969,0.92
2022,STK,2021,9.0,0.3145010789479689,-0.3329390404775391,0.9185
2022,PPP,2021,9.0,0.752733577298545,0.0693590869404578,0.9165
2022,SDV,2021,9.0,1.0025029669964665,0.0139730640157575,0.916
2022,DTA,2021,9.0,0.4638762896217446,-0.1764705882352941,0.912
2022,HSM,2021,9.0,1.5405623972754312,-0.6025694156578947,0.9115
2022,BKC,2021,9.0,1.4003545858114304,0.3076923076923077,0.9105
2022,SBA,2021,9.0,0.727092506252698,0.2629129382602153,0.91
2022,PHP,2021,9.0,0.4871081508396891,0.3033707865168538,0.91
2022,VOS,2021,9.0,0.3793647105924812,-0.26878612716763,0.91
2022,HNA,2021,9.0,0.8447469249181991,0.1607521989426747,0.9095
2022,SJE,2021,9.0,0.8601632788496767,-0.1394909090909089,0.909
2022,BTS,2021,9.0,1.0122047919218442,-0.101549053342857,0.9085
2022,CLH,2021,9.0,0.62241546497558,-0.0476978219133309,0.907
2022,SHP,2021,9.0,0.5486081997990367,0.1395005056027223,0.9065
2022,SLS,2021,9.0,0.4178650818296555,0.4441806792477778,0.9065
2022,SZC,2021,9.0,0.2155272741022058,-0.1819266054670002,0.9055
2022,LM8,2021,9.0,1.9721478909543495,0.0845045238034187,0.905
2022,BSR,2021,9.0,0.5245589041162095,-0.3853947368421052,0.905
2022,MVN,2021,9.0,0.2077524502226695,-0.30859375,0.905
2022,BSA,2021,9.0,0.7843866406559125,0.0915178572081059,0.9045
2022,CCR,2021,9.0,0.453475344220268,-0.2701149424988506,0.904
2022,TC6,2021,9.0,0.9196829137487476,-0.0219780219780221,0.903
2022,NDT,2021,9.0,0.6632295869388545,-0.5868681318540446,0.903
2022,SJG,2021,9.0,0.4879391711597872,-0.2866774541587649,0.903
2022,TNS,2021,9.0,0.1687710697264151,-0.4888888888888889,0.9015
2022,TIS,2021,9.0,0.8483179705426421,-0.3376623376623376,0.9
2022,DRI,2021,9.0,0.5608891454219087,-0.252173913040336,0.8935
2022,VNA,2021,9.0,0.3797537324357367,-0.2448979591836735,0.892
2023,BHN,2022,9.0,0.4344865496876055,-0.0959609024486918,0.749
2023,TBC,2022,9.0,0.5859264233524623,0.241539419538413,0.748
2023,GSM,2022,9.0,1.1799174749281056,0.5718374522253398,0.7475
2023,CST,2022,9.0,1.5699402928484925,0.4207390838279794,0.747
2023,SBL,2022,9.0,1.518784703512998,-0.2149846239842326,0.746
2023,LM8,2022,9.0,3.8694305557752418,0.2639858202881355,0.7455
2023,DCM,2022,9.0,0.7538833910274358,0.5754548005286428,0.741
2023,POW,2022,9.0,1.2235508005390323,0.1119402985074626,0.74
2023,VCP,2022,9.0,0.7133266287230292,0.1363636363636364,0.7395
2023,SLS,2022,9.0,0.7059043658454875,0.228176695742857,0.739
2023,PVT,2022,9.0,0.842981187051908,0.3747651816077757,0.737
2023,CEO,2022,9.0,0.7131080433261133,-0.0756302521239494,0.737
2023,BSA,2022,9.0,0.8036747670293262,0.4127615838283689,0.7365
2023,BSG,2022,9.0,0.3104101185660377,0.0917431192660549,0.736
2023,HVX,2022,9.0,3.7606695997030823,-0.2473404255319149,0.735
2023,PXT,2022,9.0,0.8922438547666667,-0.26,0.7335
2023,PDN,2022,9.0,0.3197464155641418,-0.0142186583293217,0.7335
2023,GMX,2022,9.0,0.7063310807906859,0.0184937014175823,0.733
2023,VFC,2022,9.0,0.5631321755489639,0.5425330813523317,0.733
2023,OCH,2022,9.0,0.805734000875,-0.2380952380952381,0.73
2023,VGI,2022,9.0,0.4790180700560534,3.414529914529915,0.73
2023,HRT,2022,9.0,1.167321135216537,1.625,0.7295
2023,TTA,2022,9.0,1.273728187301951,0.2342857142857144,0.729
2023,CDP,2022,9.0,0.9321583548166392,0.027836587463248,0.729
2023,SBA,2022,9.0,0.690199813824161,0.5688906699417393,0.7285
2023,VPD,2022,9.0,0.6391494696551471,0.1911103785562613,0.727
2023,S4A,2022,9.0,0.4387115494608146,0.4724928458369388,0.727
2023,KSF,2022,9.0,0.1824582154611655,-0.0049382716049383,0.727
2023,OGC,2022,9.0,0.1749036617670634,-0.2811004784688995,0.727
2023,IMP,2022,9.0,0.4717643795197854,0.3150694028361718,0.7265
2023,TCW,2022,9.0,0.6567772528416279,0.3906281156705882,0.726
2023,NCS,2022,9.0,0.2248973392329621,0.480975609746,0.7255
2023,SHP,2022,9.0,0.5406342617779183,0.4061680698687633,0.724
2023,HNF,2022,9.0,1.1236825027258883,0.1652804851252631,0.723
2023,HCC,2022,9.0,1.3687889379757323,0.1339285714,0.7225
2023,HNA,2022,9.0,0.8396442349037977,0.5969326383569769,0.722
2023,TDW,2022,9.0,0.6877422919810011,0.1279730818581439,0.7205
2023,PDV,2022,9.0,1.6313834122995985,0.2664473683640624,0.719
2023,CHP,2022,9.0,0.601518442212767,0.5264287328240345,0.718
2023,SZG,2022,9.0,0.3746222421129246,0.1022134045251244,0.7175
2023,VSH,2022,9.0,0.6733047578100939,0.2018401321993226,0.7145
2024,C21,2023,9.0,2.636128066954328,-0.0494668042488235,1.0
2024,DOP,2023,9.0,1.363774159241811,0.1100917430999999,1.0
2024,PMP,2023,9.0,1.3197672410138248,-0.0047412904163264,1.0
2024,PVD,2023,9.0,0.9312518415951117,-0.3038194444444445,1.0
2024,HPW,2023,9.0,0.8917173497381021,0.1425490251329342,1.0
2024,HRT,2023,9.0,0.775520565635199,0.0952380952380953,1.0
2024,NNT,2023,9.0,0.7087105470731306,0.2941246524215264,1.0
2024,BSG,2023,9.0,0.4487152741693767,0.5630252100840336,1.0
2024,VAV,2023,9.0,0.4392637873298518,0.4861910241260763,1.0
2024,NVT,2023,9.0,0.3045100532700451,-0.1762886597938144,1.0
2024,NAS,2023,9.0,0.2191750751864904,0.4588235294117646,1.0
2024,MHC,2023,8.0,1.3842248878869337,-0.0386127167630058,0.3715
2024,VCX,2023,8.0,1.7377601823387414,1.0652173913043477,0.365
2024,THT,2023,8.0,1.2434371307793433,-0.2806930200231403,0.361
2024,DRI,2023,8.0,0.9572985352656744,0.0848000000287998,0.361
2024,GHC,2023,8.0,0.7562534404737257,0.0572591436519736,0.361
2024,DTD,2023,8.0,0.7895720455716516,-0.2999655261363958,0.3605
2024,PLX,2023,8.0,0.581098487550285,-0.058713854450489,0.359
2024,TS3,2023,8.0,2.2457628288569196,-0.3255813953488372,0.358
2024,KBC,2023,8.0,0.745789182744606,-0.0775862068965517,0.3575
2024,VTO,2023,8.0,1.5081271460690695,0.0844330401209676,0.3555
2024,AST,2023,8.0,0.2223834887568757,0.1126694616468475,0.355
2024,MGC,2023,8.0,2.2964178052334945,2.090780998362963,0.3545
2024,BWS,2023,8.0,0.3961631780273038,0.1985086330529606,0.354
2024,MAS,2023,8.0,0.1993957935191017,0.0555555555555555,0.3515
2024,VSF,2023,8.0,0.1187886508988113,-0.1762917933130698,0.351
2024,MCP,2023,8.0,0.439996337728557,0.2857142857142856,0.3505
2024,PDC,2023,8.0,1.7092355617407406,-0.0784313725490196,0.35
2024,PDB,2023,8.0,1.650183248439434,0.2896838331528848,0.3495
2024,HPX,2023,8.0,2.0364301128273303,-0.2975206611570248,0.3485
2024,LAS,2023,8.0,0.8998218956105787,0.036005965651916,0.3485
2024,DNW,2023,8.0,0.6468801970026786,0.0722532003479383,0.348
2024,TCW,2023,8.0,0.6088989683748955,-0.0180278980424242,0.3475
2024,PXT,2023,8.0,0.7792330641714286,-0.5675675675675675,0.347
2024,SZE,2023,8.0,1.0063793963753502,-0.0044994375555557,0.3465
2024,DIH,2023,8.0,0.6977905610132644,-0.1805697589135135,0.3465
2024,BBT,2023,8.0,1.6158080215500483,0.8191489361702129,0.3455
2024,INN,2023,8.0,0.8165066508302262,0.118546845124283,0.3445
2024,PNP,2023,8.0,0.7504977409266409,0.1097281363098592,0.3445
2024,TTL,2023,8.0,1.5458640129358987,-0.1460674157303371,0.344
2024,CFM,2023,8.0,1.0313543015463915,0.0215053762999997,0.344
2024,NCS,2023,8.0,0.3540275236541785,0.0471014492753623,0.3435
2024,ALV,2023,8.0,3.8644662230818754,0.4216867469879519,0.343
2024,VCA,2023,8.0,1.4629965679550183,-0.055,0.3425
2024,CCR,2023,8.0,1.0054438660389742,-0.13375,0.3425
2024,HPD,2023,8.0,0.6251448885249723,-0.2759350740962597,0.3415
2024,HTI,2023,8.0,1.1754334163543116,0.2607196337295239,0.341
2024,TC6,2023,8.0,1.4366456383479689,0.0,0.3405
2024,SRT,2023,8.0,0.4224859025181804,-0.0267857142857143,0.3405
2024,QNS,2023,8.0,0.5248738256622311,0.0559620746351767,0.34
2024,SJE,2023,8.0,1.2728278416510936,-0.1790824697405204,0.3395
2024,HIO,2023,8.0,0.4693961259031545,-0.7131147540983607,0.3395
2024,NET,2023,8.0,0.3020179593062678,-0.1416668309333332,0.339
2024,CCT,2023,8.0,1.4012299340183156,0.3402061855670102,0.3385
2024,BTP,2023,8.0,1.2498224280161323,-0.1274518476884475,0.3375
2024,HII,2023,8.0,2.196572116487062,-0.2589285714483332,0.337
2024,HEC,2023,8.0,1.1428243396474358,0.019570977936,0.3355
2024,NST,2023,8.0,2.29409743932147,0.545857988176923,0.335
2024,FOX,2023,8.0,0.340577426726168,-0.0758468091234988,0.335
2024,TDN,2023,8.0,1.3975386776246792,0.0,0.3335
2024,MVB,2023,8.0,0.7801815220262249,-0.0713738997153845,0.3335
2024,TRC,2023,8.0,1.7692503331521972,0.5708123862215102,0.3325
2024,USD,2023,8.0,0.9012997755166218,0.1043609022592484,0.331
2024,SCY,2023,8.0,0.9641551748059448,-0.2002442002307691,0.3295
2024,SD5,2023,8.0,2.4835809488349856,0.2337662337142856,0.3275
2024,PDN,2023,8.0,0.2873133953648689,0.3014919399411562,0.32
2025,VIT,2024,9.0,0.6151829286068292,0.868385249922812,0.929
2025,NNT,2024,9.0,0.5274877655490722,-0.0349417637271214,0.9215
2025,KHS,2024,9.0,1.3291153955577184,-0.4500328922033004,0.9175
2025,SJG,2024,9.0,0.7895547074355367,0.5200000000640002,0.9175
2025,HDM,2024,9.0,0.6309108567377695,0.1442704385911513,0.915
2025,SHP,2024,9.0,0.382291272273759,0.0252365712962967,0.9145
2025,VTQ,2024,9.0,0.2277662176979385,-0.4111111111111111,0.9145
2025,MA1,2024,9.0,0.6311403116099301,0.1427468154462539,0.913
2025,HWS,2024,9.0,0.7564632598821972,-0.0187681627527607,0.9125
2025,VCG,2024,9.0,0.7421951613855227,-0.0566893424036281,0.912
2025,HIO,2024,9.0,1.2726382508972431,0.0714285714285714,0.9115
2025,PJT,2024,9.0,1.2184471167516016,-0.0792079207869158,0.9115
2025,PET,2024,9.0,0.8034542554942095,1.350117752572614,0.9115
2025,VPS,2024,9.0,1.5621019577240924,-0.0516483516483516,0.911
2025,RTB,2024,9.0,0.7532508493715998,-0.0640132571634615,0.911
2025,NAS,2024,9.0,0.3415833245479143,-0.1397849462365591,0.9105
2025,TTA,2024,9.0,1.0248647483025353,0.1589622641509434,0.91
2025,TCH,2024,9.0,0.9444895396126722,-0.1131697192856497,0.91
2025,VNY,2024,9.0,0.9749514470227604,-0.4769230769230769,0.9095
2025,VHC,2024,9.0,0.5482387337221629,0.0313160002956449,0.9085
2025,VAV,2024,9.0,0.445936702260625,-0.0507525378576169,0.9085
2025,NED,2024,9.0,1.715556657142857,-0.0845070422535211,0.907
2025,PDN,2024,9.0,0.3187272669575431,0.0337883610152283,0.9045
2025,DNW,2024,9.0,0.578201454000995,0.0378548895899053,0.904
2025,VGI,2024,9.0,0.1239425272437778,0.1954271828263796,0.904
2025,DRG,2024,9.0,1.3510434699071787,-0.0008025681749999,0.903
2025,NHT,2024,9.0,1.0632990770399682,0.407520646609524,0.9025
2025,VGG,2024,9.0,1.05188214921401,-0.1026043680018589,0.902
2025,BTW,2024,9.0,0.6875934811981601,0.9281085616177364,0.9
2025,PDB,2024,9.0,1.467583720568705,0.9876443727731092,0.8995
2025,VSM,2024,9.0,1.3133422551216465,-0.0068965517241379,0.8995
2025,MTA,2024,9.0,1.0159234087095714,-0.2650602409638554,0.898
2025,BKC,2024,9.0,1.3996370654709995,-0.0124069478908189,0.8955
