score_year,fiscal_year,ticker,fscore,f_roa,f_cfo,f_droa,f_accrual,f_dlever,f_dliquid,f_eq_offer,f_dmargin,f_dturn,sector
2002,2002,1928.T,4,0,1,0,1,1,0,1,0,0,Construction
2002,2002,2503.T,6,1,1,1,1,0,0,1,1,0,Foods
2002,2002,2802.T,9,1,1,1,1,1,1,1,1,1,Foods
2002,2002,3407.T,4,1,1,0,1,0,0,1,0,0,Chemicals
2002,2002,3861.T,4,0,1,0,1,1,0,1,0,0,Pulp & paper
2002,2002,4005.T,6,1,1,0,1,1,0,1,1,0,Chemicals
2002,2002,4063.T,7,1,1,0,1,1,1,1,1,0,Chemicals
2002,2002,4452.T,7,1,1,0,1,1,1,1,1,0,Chemicals
2002,2002,4501.T,7,1,1,0,1,1,1,1,1,0,
2002,2002,4502.T,8,1,1,1,1,1,1,1,1,0,Pharmaceuticals
2002,2002,4503.T,6,1,1,1,1,1,0,1,0,0,Pharmaceuticals
2002,2002,4511.T,7,1,1,1,1,0,1,0,1,1,
2002,2002,4535.T,7,1,1,1,1,1,1,1,0,0,
2002,2002,4661.T,6,1,1,1,1,0,0,1,0,1,Services
2002,2002,4676.T,6,1,1,0,1,1,1,1,0,0,Communication Services
2002,2002,4716.T,5,1,1,0,0,0,1,1,1,0,Technology
2002,2002,4901.T,6,1,1,0,1,0,1,1,0,1,Chemicals
2002,2002,5001.T,5,1,1,0,1,1,0,0,1,0,
2002,2002,5108.T,8,1,1,1,1,1,1,1,1,0,Rubber
2002,2002,5201.T,4,0,1,0,1,0,1,1,0,0,Glass & ceramics
2002,2002,5401.T,4,0,1,0,1,1,0,1,0,0,Steel
2002,2002,5802.T,5,1,1,0,1,0,1,1,0,0,Nonferrous metals
2002,2002,6273.T,5,1,1,0,0,1,1,1,0,0,Machinery
2002,2002,6501.T,3,0,1,0,1,1,0,0,0,0,Electric machinery
2002,2002,6502.T,4,0,1,0,1,1,0,1,0,0,
2002,2002,6503.T,4,0,1,0,1,0,1,1,0,0,Electric machinery
2002,2002,6701.T,3,0,1,0,1,0,0,1,0,0,Electric machinery
2002,2002,6702.T,2,0,1,0,1,0,0,0,0,0,Electric machinery
2002,2002,6752.T,2,0,1,0,1,0,0,0,0,0,Electric machinery
2002,2002,6753.T,6,1,1,0,1,1,0,1,1,0,Electric machinery
2002,2002,6758.T,4,1,1,0,1,1,0,0,0,0,Electric machinery
2002,2002,6762.T,5,0,1,0,1,1,1,1,0,0,Electric machinery
2002,2002,6764.T,6,1,1,0,1,1,1,1,0,0,
2002,2002,6857.T,4,0,1,0,1,0,1,1,0,0,Electric machinery
2002,2002,6861.T,4,1,1,0,0,0,1,1,0,0,Electric machinery
2002,2002,6902.T,7,1,1,1,1,1,0,1,0,1,Electric machinery
2002,2002,6954.T,5,1,1,0,1,0,1,1,0,0,Electric machinery
2002,2002,6963.T,5,1,1,0,1,1,1,0,0,0,Electric machinery
2002,2002,6971.T,5,1,1,0,1,0,1,1,0,0,Electric machinery
2002,2002,6981.T,5,1,1,0,1,1,1,0,0,0,Electric machinery
2002,2002,6991.T,5,1,1,0,1,1,0,0,0,1,
2002,2002,7011.T,7,1,1,1,1,1,0,0,1,1,Machinery
2002,2002,7201.T,6,1,1,1,0,0,1,0,1,1,Automotive
2002,2002,7203.T,7,1,1,1,1,0,0,1,1,1,Automotive
2002,2002,7267.T,7,1,1,1,1,0,1,1,1,0,Automotive
2002,2002,7741.T,6,1,1,0,1,0,1,1,1,0,Precision instruments
2002,2002,7751.T,8,1,1,1,1,1,1,0,1,1,Electric machinery
2002,2002,7752.T,6,1,1,1,1,0,1,0,1,0,Electric machinery
2002,2002,7911.T,6,1,1,1,1,0,1,1,0,0,Other manufacturing
2002,2002,7912.T,6,1,1,0,1,1,1,1,0,0,Other manufacturing
2002,2002,7974.T,5,1,1,0,0,0,1,1,0,1,Services
2002,2002,8035.T,5,0,1,0,1,1,1,1,0,0,Electric machinery
2002,2002,8053.T,7,1,1,1,1,0,1,1,1,0,Trading companies
2002,2002,8058.T,5,1,1,0,1,0,1,0,1,0,Trading companies
2002,2002,8183.T,4,1,1,0,1,0,0,1,0,0,
2002,2002,8252.T,6,1,0,1,0,1,0,1,1,1,Retail
2002,2002,8264.T,5,1,1,1,1,0,0,0,0,1,
2002,2002,8267.T,6,0,1,0,1,1,1,1,1,0,Retail
2002,2002,8801.T,9,1,1,1,1,1,1,1,1,1,Real estate
2002,2002,8802.T,4,0,1,0,1,1,0,1,0,0,Real estate
2002,2002,9064.T,6,1,1,1,1,1,1,0,0,0,Land transport
2002,2002,9404.T,4,1,1,0,1,0,0,1,0,0,Communication Services
2002,2002,9502.T,8,1,1,1,1,1,1,1,1,0,Electric power
2002,2002,9503.T,8,1,1,1,1,1,1,1,1,0,Electric power
2002,2002,9506.T,6,1,1,0,1,1,0,1,1,0,Utilities
2002,2002,9613.T,7,1,1,1,1,1,0,1,1,0,
2002,2002,9735.T,5,1,1,0,1,0,1,0,0,1,Services
2003,2003,1928.T,7,1,1,1,1,1,0,1,0,1,Construction
2003,2003,2503.T,6,1,1,0,1,0,1,1,1,0,Foods
2003,2003,2802.T,7,1,1,1,1,1,0,1,0,1,Foods
2003,2003,3407.T,5,0,1,0,1,0,0,1,1,1,Chemicals
2003,2003,3861.T,7,1,1,1,1,1,0,0,1,1,Pulp & paper
2003,2003,4005.T,6,1,1,1,1,0,0,1,0,1,Chemicals
2003,2003,4063.T,8,1,1,1,1,0,1,1,1,1,Chemicals
2003,2003,4452.T,7,1,1,1,1,0,0,1,1,1,Chemicals
2003,2003,4501.T,8,1,1,0,1,1,1,1,1,1,
2003,2003,4502.T,7,1,1,1,0,1,1,1,1,0,Pharmaceuticals
2003,2003,4503.T,9,1,1,1,1,1,1,1,1,1,Pharmaceuticals
2003,2003,4511.T,7,1,1,1,1,1,0,1,0,1,
2003,2003,4523.T,8,1,1,1,1,1,1,0,1,1,Pharmaceuticals
2003,2003,4535.T,5,1,1,0,1,0,1,1,0,0,
2003,2003,4661.T,8,1,1,1,1,1,0,1,1,1,Services
2003,2003,4676.T,6,1,1,0,1,1,1,1,0,0,Communication Services
2003,2003,4716.T,5,1,1,0,1,0,0,1,0,1,Technology
2003,2003,4901.T,7,1,1,0,1,1,1,1,0,1,Chemicals
2003,2003,5001.T,5,1,0,1,0,1,0,1,0,1,
2003,2003,5108.T,7,1,1,1,1,0,1,1,0,1,Rubber
2003,2003,5401.T,6,0,1,0,1,0,1,1,1,1,Steel
2003,2003,5802.T,4,0,1,0,1,0,0,1,0,1,Nonferrous metals
2003,2003,6273.T,7,1,1,1,1,1,1,0,0,1,Machinery
2003,2003,6501.T,7,1,1,1,1,1,0,0,1,1,Electric machinery
2003,2003,6502.T,8,1,1,1,1,0,1,1,1,1,
2003,2003,6503.T,8,0,1,1,1,1,1,1,1,1,Electric machinery
2003,2003,6701.T,6,0,1,1,1,1,0,1,1,0,Electric machinery
2003,2003,6702.T,7,0,1,1,1,0,1,1,1,1,Electric machinery
2003,2003,6752.T,7,0,1,1,1,1,1,0,1,1,Electric machinery
2003,2003,6753.T,7,1,1,1,1,0,1,1,0,1,Electric machinery
2003,2003,6762.T,9,1,1,1,1,1,1,1,1,1,Electric machinery
2003,2003,6764.T,5,0,1,0,1,0,0,1,1,1,
2003,2003,6857.T,6,0,1,1,1,0,0,1,1,1,Electric machinery
2003,2003,6861.T,7,1,1,1,1,0,0,1,1,1,Electric machinery
2003,2003,6902.T,7,1,1,1,1,1,0,1,1,0,Electric machinery
2003,2003,6954.T,6,1,1,1,1,0,0,1,1,0,Electric machinery
2003,2003,6963.T,6,1,1,1,1,0,0,0,1,1,Electric machinery
2003,2003,6971.T,8,1,1,1,1,1,0,1,1,1,Electric machinery
2003,2003,6981.T,8,1,1,1,1,1,0,1,1,1,Electric machinery
2003,2003,6991.T,8,1,1,1,1,1,1,1,0,1,
2003,2003,7011.T,7,1,1,1,1,0,1,1,1,0,Machinery
2003,2003,7201.T,8,1,1,1,1,1,1,1,1,0,Automotive
2003,2003,7203.T,7,1,1,1,1,0,1,1,1,0,Automotive
2003,2003,7267.T,6,1,1,0,1,0,1,1,1,0,Automotive
2003,2003,7269.T,7,1,1,1,1,1,0,1,0,1,Automotive
2003,2003,7741.T,8,1,1,0,1,1,1,1,1,1,Precision instruments
2003,2003,7751.T,8,1,1,1,1,1,1,0,1,1,Electric machinery
2003,2003,7752.T,7,1,1,1,1,1,1,0,1,0,Electric machinery
2003,2003,7911.T,5,1,1,1,1,0,0,1,0,0,Other manufacturing
2003,2003,7912.T,8,1,1,1,1,1,0,1,1,1,Other manufacturing
2003,2003,7974.T,3,1,0,0,0,0,1,1,0,0,Services
2003,2003,8031.T,6,1,1,0,1,1,0,1,0,1,Trading companies
2003,2003,8035.T,6,0,1,0,1,1,0,1,1,1,Electric machinery
2003,2003,8053.T,6,1,1,0,1,0,1,1,1,0,Trading companies
2003,2003,8058.T,6,1,1,0,1,0,1,1,1,0,Trading companies
2003,2003,8183.T,5,1,1,0,1,0,0,1,0,1,
2003,2003,8264.T,5,1,1,0,1,0,1,1,0,0,
2003,2003,8267.T,7,1,1,1,1,1,1,0,0,1,Retail
2003,2003,8801.T,6,1,1,0,1,1,1,0,1,0,Real estate
2003,2003,8802.T,7,1,1,1,1,1,0,1,1,0,Real estate
2003,2003,9020.T,7,1,1,1,1,1,0,1,0,1,Railway/bus
2003,2003,9022.T,6,1,1,1,1,1,0,1,0,0,Railway/bus
2003,2003,9064.T,7,1,1,1,1,1,0,0,1,1,Land transport
2003,2003,9432.T,5,1,1,1,1,0,0,1,0,0,Communications
2003,2003,9502.T,5,1,1,0,1,0,1,1,0,0,Electric power
2003,2003,9503.T,6,1,1,0,1,1,1,1,0,0,Electric power
2003,2003,9506.T,5,1,1,0,1,1,0,1,0,0,Utilities
2003,2003,9508.T,7,1,1,1,1,1,0,1,1,0,Utilities
2003,2003,9613.T,8,1,1,1,1,1,1,1,0,1,
2003,2003,9735.T,7,1,1,1,1,1,0,1,1,0,Services
2004,2004,1928.T,9,1,1,1,1,1,1,1,1,1,Construction
2004,2004,2503.T,9,1,1,1,1,1,1,1,1,1,Foods
2004,2004,2802.T,8,1,1,1,1,0,1,1,1,1,Foods
2004,2004,3407.T,7,1,1,1,1,1,0,1,0,1,Chemicals
2004,2004,3861.T,7,1,1,1,1,0,1,1,1,0,Pulp & paper
2004,2004,4005.T,7,1,1,1,1,1,1,1,0,0,Chemicals
2004,2004,4063.T,5,1,1,1,1,0,0,0,0,1,Chemicals
2004,2004,4452.T,9,1,1,1,1,1,1,1,1,1,Chemicals
2004,2004,4501.T,8,1,1,1,1,1,0,1,1,1,
2004,2004,4502.T,7,1,1,1,1,1,1,0,1,0,Pharmaceuticals
2004,2004,4503.T,8,1,1,1,0,1,1,1,1,1,Pharmaceuticals
2004,2004,4511.T,7,1,1,1,0,1,1,1,1,0,
2004,2004,4523.T,8,1,1,1,1,0,1,1,1,1,Pharmaceuticals
2004,2004,4661.T,7,1,1,0,1,1,0,1,1,1,Services
2004,2004,4716.T,6,1,1,1,1,0,0,1,1,0,Technology
2004,2004,4901.T,7,1,1,1,1,1,0,0,1,1,Chemicals
2004,2004,5001.T,6,0,1,0,1,1,1,1,0,1,
2004,2004,5108.T,7,1,1,1,1,1,0,1,0,1,Rubber
2004,2004,5401.T,8,1,1,1,1,1,1,0,1,1,Steel
2004,2004,5411.T,7,1,1,1,1,1,0,0,1,1,Steel
2004,2004,5802.T,8,1,1,1,1,0,1,1,1,1,Nonferrous metals
2004,2004,6273.T,8,1,1,1,1,0,1,1,1,1,Machinery
2004,2004,6501.T,7,1,1,0,1,1,1,1,0,1,Electric machinery
2004,2004,6502.T,8,1,1,1,1,1,1,0,1,1,
2004,2004,6503.T,9,1,1,1,1,1,1,1,1,1,Electric machinery
2004,2004,6701.T,7,1,1,1,1,1,1,0,0,1,Electric machinery
2004,2004,6702.T,7,1,1,1,1,1,0,1,0,1,Electric machinery
2004,2004,6752.T,8,1,1,1,1,1,0,1,1,1,Electric machinery
2004,2004,6753.T,6,1,1,1,1,1,0,0,0,1,Electric machinery
2004,2004,6762.T,9,1,1,1,1,1,1,1,1,1,Electric machinery
2004,2004,6764.T,8,1,1,1,1,1,1,1,0,1,
2004,2004,6857.T,7,1,1,1,1,1,0,0,1,1,Electric machinery
2004,2004,6861.T,6,1,1,1,0,0,0,1,1,1,Electric machinery
2004,2004,6902.T,7,1,1,0,1,0,1,1,1,1,Electric machinery
2004,2004,6954.T,6,1,1,1,1,0,0,0,1,1,Electric machinery
2004,2004,6963.T,5,1,1,1,1,0,0,1,0,0,Electric machinery
2004,2004,6971.T,5,1,1,1,0,0,1,0,0,1,Electric machinery
2004,2004,6981.T,6,1,1,1,1,0,0,1,0,1,Electric machinery
2004,2004,6988.T,7,1,1,1,1,0,0,1,1,1,Chemicals
2004,2004,6991.T,7,1,1,1,1,1,0,1,0,1,
2004,2004,7011.T,5,1,1,0,1,0,1,1,0,0,Machinery
2004,2004,7201.T,5,1,1,0,1,0,0,1,0,1,Automotive
2004,2004,7203.T,7,1,1,1,1,1,0,1,0,1,Automotive
2004,2004,7267.T,5,1,1,0,1,0,1,1,0,0,Automotive
2004,2004,7269.T,8,1,1,1,1,1,1,1,1,0,Automotive
2004,2004,7741.T,8,1,1,1,1,1,0,1,1,1,Precision instruments
2004,2004,7751.T,6,1,1,1,1,1,0,0,0,1,Electric machinery
2004,2004,7752.T,8,1,1,1,1,1,1,1,1,0,Electric machinery
2004,2004,7911.T,8,1,1,1,1,0,1,1,1,1,Other manufacturing
2004,2004,7912.T,8,1,1,1,1,0,1,1,1,1,Other manufacturing
2004,2004,7974.T,7,1,1,0,1,0,1,1,1,1,Services
2004,2004,8031.T,8,1,1,1,1,0,1,1,1,1,Trading companies
2004,2004,8035.T,5,1,1,1,0,0,1,0,0,1,Electric machinery
2004,2004,8053.T,5,1,1,1,0,0,1,0,0,1,Trading companies
2004,2004,8058.T,9,1,1,1,1,1,1,1,1,1,Trading companies
2004,2004,8183.T,6,1,1,1,1,0,0,1,0,1,
2004,2004,8264.T,7,1,1,1,1,1,0,1,0,1,
2004,2004,8267.T,8,1,1,1,1,1,1,1,0,1,Retail
2004,2004,8801.T,6,1,1,0,1,1,0,0,1,1,Real estate
2004,2004,8802.T,8,1,1,0,1,1,1,1,1,1,Real estate
2004,2004,9020.T,8,1,1,1,1,0,1,1,1,1,Railway/bus
2004,2004,9021.T,8,1,1,1,1,1,0,1,1,1,Railway/bus
2004,2004,9022.T,7,1,1,1,1,1,0,1,0,1,Railway/bus
2004,2004,9064.T,6,1,1,1,0,1,0,1,0,1,Land transport
2004,2004,9205.T,3,0,1,0,1,0,1,0,0,0,
2004,2004,9432.T,8,1,1,1,1,1,1,1,0,1,Communications
2004,2004,9502.T,7,1,1,1,1,1,0,1,1,0,Electric power
2004,2004,9503.T,6,1,1,1,1,1,0,0,1,0,Electric power
2004,2004,9506.T,6,1,1,0,1,0,1,1,0,1,Utilities
2004,2004,9508.T,8,1,1,1,1,1,1,1,1,0,Utilities
2004,2004,9613.T,7,1,1,0,1,1,1,1,0,1,
2004,2004,9735.T,8,1,1,1,1,1,1,1,1,0,Services
2004,2004,9984.T,4,0,0,0,1,0,1,0,1,1,Communications
2005,2005,1928.T,6,1,1,0,1,1,0,1,0,1,Construction
2005,2005,2802.T,9,1,1,1,1,1,1,1,1,1,Foods
2005,2005,3407.T,9,1,1,1,1,1,1,1,1,1,Chemicals
2005,2005,3861.T,8,1,1,1,1,0,1,1,1,1,Pulp & paper
2005,2005,4005.T,8,1,1,1,1,0,1,1,1,1,Chemicals
2005,2005,4063.T,8,1,1,1,1,1,1,0,1,1,Chemicals
2005,2005,4452.T,7,1,1,1,1,1,0,1,0,1,Chemicals
2005,2005,4502.T,5,1,1,0,1,0,1,1,0,0,Pharmaceuticals
2005,2005,4503.T,7,1,1,0,1,1,1,1,1,0,Pharmaceuticals
2005,2005,4523.T,6,1,1,1,0,0,0,1,1,1,Pharmaceuticals
2005,2005,4661.T,6,1,1,0,1,0,1,1,0,1,Services
2005,2005,4689.T,6,1,1,1,1,0,1,0,0,1,Services
2005,2005,4716.T,5,1,1,1,0,0,1,0,1,0,Technology
2005,2005,4901.T,6,1,1,1,1,1,0,1,0,0,Chemicals
2005,2005,5001.T,8,1,1,1,0,1,1,1,1,1,
2005,2005,5108.T,5,1,1,1,0,0,0,1,0,1,Rubber
2005,2005,5201.T,5,1,1,0,1,1,0,0,0,1,Glass & ceramics
2005,2005,5401.T,8,1,1,1,1,1,0,1,1,1,Steel
2005,2005,5802.T,7,1,1,1,1,1,0,0,1,1,Nonferrous metals
2005,2005,6273.T,8,1,1,1,0,1,1,1,1,1,Machinery
2005,2005,6501.T,6,1,1,1,1,0,0,0,1,1,Electric machinery
2005,2005,6502.T,7,1,1,1,1,0,1,1,0,1,
2005,2005,6503.T,8,1,1,1,1,0,1,1,1,1,Electric machinery
2005,2005,6701.T,7,1,1,1,1,1,0,1,1,0,Electric machinery
2005,2005,6702.T,5,1,1,0,1,0,1,0,0,1,Electric machinery
2005,2005,6752.T,7,1,1,1,1,0,0,1,1,1,Electric machinery
2005,2005,6753.T,6,1,1,1,1,1,0,0,0,1,Electric machinery
2005,2005,6762.T,6,1,1,1,1,0,1,1,0,0,Electric machinery
2005,2005,6764.T,4,0,1,0,1,0,0,1,0,1,
2005,2005,6857.T,8,1,1,1,1,1,0,1,1,1,Electric machinery
2005,2005,6861.T,5,1,1,0,1,0,0,1,1,0,Electric machinery
2005,2005,6902.T,7,1,1,1,1,0,0,1,1,1,Electric machinery
2005,2005,6954.T,6,1,1,1,0,0,0,1,1,1,Electric machinery
2005,2005,6963.T,4,1,1,0,1,0,0,1,0,0,Electric machinery
2005,2005,6971.T,7,1,1,0,1,1,1,1,1,0,Electric machinery
2005,2005,6981.T,8,1,1,0,1,1,1,1,1,1,Electric machinery
2005,2005,6988.T,7,1,1,1,1,0,1,0,1,1,Chemicals
2005,2005,6991.T,5,1,1,0,1,1,1,0,0,0,
2005,2005,7011.T,5,1,1,0,1,0,0,1,0,1,Machinery
2005,2005,7201.T,6,1,1,0,0,1,1,1,0,1,Automotive
2005,2005,7203.T,6,1,1,0,1,0,0,1,1,1,Automotive
2005,2005,7267.T,4,1,1,0,1,0,0,1,0,0,Automotive
2005,2005,7269.T,8,1,1,1,1,1,1,1,0,1,Automotive
2005,2005,7741.T,7,1,1,1,1,0,1,0,1,1,Precision instruments
2005,2005,7751.T,5,1,1,0,1,1,1,0,0,0,Electric machinery
2005,2005,7752.T,7,1,1,0,1,1,1,1,0,1,Electric machinery
2005,2005,7911.T,8,1,1,1,1,1,1,1,1,0,Other manufacturing
2005,2005,7912.T,8,1,1,1,1,1,0,1,1,1,Other manufacturing
2005,2005,7974.T,7,1,1,1,1,0,0,1,1,1,Services
2005,2005,8031.T,6,1,1,1,1,0,1,0,0,1,Trading companies
2005,2005,8053.T,5,1,0,1,0,1,1,0,0,1,Trading companies
2005,2005,8058.T,6,1,1,1,0,1,1,0,0,1,Trading companies
2005,2005,8267.T,5,1,1,0,1,1,1,0,0,0,Retail
2005,2005,8801.T,9,1,1,1,1,1,1,1,1,1,Real estate
2005,2005,8802.T,7,1,1,1,1,0,1,1,0,1,Real estate
2005,2005,9020.T,7,1,1,0,1,1,0,1,1,1,Railway/bus
2005,2005,9021.T,9,1,1,1,1,1,1,1,1,1,Railway/bus
2005,2005,9022.T,7,1,1,1,1,1,0,1,0,1,Railway/bus
2005,2005,9064.T,7,1,1,0,1,0,1,1,1,1,Land transport
2005,2005,9205.T,7,1,1,1,1,0,1,0,1,1,
2005,2005,9432.T,7,1,1,1,1,1,1,1,0,0,Communications
2005,2005,9502.T,6,1,1,0,1,1,0,1,0,1,Electric power
2005,2005,9503.T,7,1,1,0,1,1,1,1,0,1,Electric power
2005,2005,9506.T,7,1,1,1,1,1,0,1,0,1,Utilities
2005,2005,9508.T,8,1,1,1,1,1,1,1,0,1,Utilities
2005,2005,9613.T,7,1,1,0,1,1,1,1,0,1,
2005,2005,9735.T,8,1,1,1,1,1,1,1,0,1,Services
2005,2005,9984.T,4,0,0,1,1,0,0,0,1,1,Communications
2006,2006,1928.T,6,1,0,1,0,1,1,1,0,1,Construction
2006,2006,4005.T,8,1,1,1,1,1,1,1,0,1,Chemicals
2006,2006,4063.T,8,1,1,1,1,1,1,0,1,1,Chemicals
2006,2006,4452.T,6,1,1,1,1,0,0,1,0,1,Chemicals
2006,2006,4502.T,7,1,1,1,1,1,0,1,1,0,Pharmaceuticals
2006,2006,4503.T,7,1,1,1,1,1,0,0,1,1,Pharmaceuticals
2006,2006,4689.T,4,1,1,0,1,0,0,0,1,0,Services
2006,2006,4901.T,7,1,1,0,1,1,1,0,1,1,Chemicals
2006,2006,5001.T,7,1,1,1,0,1,1,1,0,1,
2006,2006,5108.T,5,1,1,0,1,1,0,1,0,0,Rubber
2006,2006,5201.T,5,1,1,0,1,1,0,0,1,0,Glass & ceramics
2006,2006,5401.T,9,1,1,1,1,1,1,1,1,1,Steel
2006,2006,5802.T,6,1,1,1,1,1,0,0,0,1,Nonferrous metals
2006,2006,6273.T,6,1,1,0,1,1,1,1,0,0,Machinery
2006,2006,6501.T,6,1,1,0,1,0,1,1,0,1,Electric machinery
2006,2006,6502.T,8,1,1,1,1,0,1,1,1,1,
2006,2006,6503.T,7,1,1,1,1,1,0,0,1,1,Electric machinery
2006,2006,6701.T,7,1,1,0,1,1,1,0,1,1,Electric machinery
2006,2006,6702.T,8,1,1,1,1,1,0,1,1,1,Electric machinery
2006,2006,6752.T,8,1,1,1,1,1,1,1,1,0,Electric machinery
2006,2006,6753.T,6,1,1,1,1,0,1,1,0,0,Electric machinery
2006,2006,6762.T,4,1,1,0,1,0,0,0,0,1,Electric machinery
2006,2006,6857.T,8,1,1,1,1,1,1,0,1,1,Electric machinery
2006,2006,6861.T,5,1,1,1,0,0,0,1,0,1,Electric machinery
2006,2006,6902.T,6,1,1,1,1,0,0,0,1,1,Electric machinery
2006,2006,6954.T,8,1,1,1,1,0,1,1,1,1,Electric machinery
2006,2006,6963.T,6,1,1,1,1,0,0,1,0,1,Electric machinery
2006,2006,6971.T,7,1,1,1,1,1,0,0,1,1,Electric machinery
2006,2006,6981.T,7,1,1,1,1,1,0,1,0,1,Electric machinery
2006,2006,6988.T,8,1,1,1,1,1,1,0,1,1,Chemicals
2006,2006,7011.T,7,1,1,1,1,1,0,0,1,1,Machinery
2006,2006,7201.T,4,1,1,0,1,1,0,0,0,0,Automotive
2006,2006,7203.T,7,1,1,1,1,1,0,1,0,1,Automotive
2006,2006,7267.T,6,1,1,1,0,0,1,1,0,1,Automotive
2006,2006,7269.T,6,1,1,1,1,0,0,1,0,1,Automotive
2006,2006,7741.T,5,1,1,0,1,0,0,1,1,0,Precision instruments
2006,2006,7751.T,7,1,1,1,1,1,1,0,1,0,Electric machinery
2006,2006,7752.T,7,1,1,1,1,1,0,1,1,0,Electric machinery
2006,2006,7911.T,7,1,1,0,1,0,1,1,1,1,Other manufacturing
2006,2006,7912.T,7,1,1,1,1,1,0,1,0,1,Other manufacturing
2006,2006,7974.T,6,1,1,1,0,0,1,1,1,0,Services
2006,2006,8031.T,7,1,1,1,1,1,1,0,0,1,Trading companies
2006,2006,8053.T,4,1,0,1,0,1,0,0,0,1,Trading companies
2006,2006,8058.T,7,1,1,1,0,1,1,0,1,1,Trading companies
2006,2006,8267.T,7,1,1,0,1,0,1,1,1,1,Retail
2006,2006,8801.T,7,1,1,1,0,1,1,0,1,1,Real estate
2006,2006,8802.T,8,1,1,1,1,1,1,0,1,1,Real estate
2006,2006,9020.T,9,1,1,1,1,1,1,1,1,1,Railway/bus
2006,2006,9021.T,6,1,1,0,1,1,0,1,0,1,Railway/bus
2006,2006,9022.T,9,1,1,1,1,1,1,1,1,1,Railway/bus
2006,2006,9064.T,6,0,1,0,1,0,1,1,1,1,Land transport
2006,2006,9432.T,7,1,1,0,1,1,0,1,1,1,Communications
2006,2006,9437.T,5,1,1,0,1,1,0,1,0,0,
2006,2006,9502.T,7,1,1,1,1,1,1,0,0,1,Electric power
2006,2006,9503.T,8,1,1,1,1,1,1,1,0,1,Electric power
2006,2006,9506.T,7,1,1,0,1,1,1,1,0,1,Utilities
2006,2006,9613.T,9,1,1,1,1,1,1,1,1,1,
2006,2006,9735.T,7,1,1,1,0,1,0,1,1,1,Services
2006,2006,9984.T,8,1,1,1,1,1,1,0,1,1,Communications
2007,2007,1928.T,7,1,1,1,1,0,1,0,1,1,Construction
2007,2007,2503.T,7,1,1,1,1,1,0,1,0,1,Foods
2007,2007,2914.T,7,1,1,1,1,1,0,0,1,1,Foods
2007,2007,3382.T,7,1,1,1,1,1,1,0,0,1,Retail
2007,2007,3402.T,7,1,1,1,1,0,1,1,0,1,Textiles & apparel
2007,2007,4005.T,4,1,1,0,1,0,0,1,0,0,Chemicals
2007,2007,4063.T,8,1,1,1,1,1,0,1,1,1,Chemicals
2007,2007,4188.T,6,1,1,1,0,0,1,1,0,1,Chemicals
2007,2007,4452.T,5,1,1,0,1,0,1,0,1,0,Chemicals
2007,2007,4502.T,5,1,1,0,0,0,1,1,1,0,Pharmaceuticals
2007,2007,4503.T,5,1,1,0,0,1,0,1,1,0,Pharmaceuticals
2007,2007,4568.T,7,1,1,0,1,1,0,1,1,1,Pharmaceuticals
2007,2007,4689.T,4,1,1,0,1,0,0,0,1,0,Services
2007,2007,4901.T,6,1,1,0,1,0,1,0,1,1,Chemicals
2007,2007,5001.T,4,1,1,0,1,1,0,0,0,0,
2007,2007,5108.T,6,1,1,1,1,0,0,0,1,1,Rubber
2007,2007,5201.T,7,1,1,1,1,1,0,0,1,1,Glass & ceramics
2007,2007,5401.T,6,1,1,0,1,1,1,1,0,0,Steel
2007,2007,5405.T,6,1,1,1,0,0,1,1,0,1,
2007,2007,5411.T,5,1,1,0,1,1,0,0,0,1,Steel
2007,2007,5802.T,7,1,1,1,1,1,1,0,0,1,Nonferrous metals
2007,2007,6273.T,5,1,1,1,0,0,1,0,1,0,Machinery
2007,2007,6301.T,7,1,1,1,0,1,1,0,1,1,Machinery
2007,2007,6501.T,5,0,1,0,1,1,0,1,0,1,Electric machinery
2007,2007,6502.T,7,1,1,1,1,1,0,1,0,1,
2007,2007,6503.T,8,1,1,1,1,1,1,0,1,1,Electric machinery
2007,2007,6594.T,4,1,1,0,1,0,0,0,0,1,Electric machinery
2007,2007,6701.T,5,1,1,0,1,1,0,0,1,0,Electric machinery
2007,2007,6702.T,7,1,1,1,1,1,0,1,0,1,Electric machinery
2007,2007,6752.T,7,1,1,1,1,1,0,1,0,1,Electric machinery
2007,2007,6753.T,8,1,1,1,1,0,1,1,1,1,Electric machinery
2007,2007,6758.T,6,1,1,1,1,0,1,0,0,1,Electric machinery
2007,2007,6762.T,6,1,1,1,1,0,1,0,1,0,Electric machinery
2007,2007,6857.T,6,1,1,0,1,1,1,0,1,0,Electric machinery
2007,2007,6861.T,3,1,1,0,0,0,0,1,0,0,Electric machinery
2007,2007,6902.T,5,1,1,0,1,1,0,1,0,0,Electric machinery
2007,2007,6954.T,6,1,1,1,1,0,0,1,1,0,Electric machinery
2007,2007,6963.T,5,1,1,0,1,0,1,1,0,0,Electric machinery
2007,2007,6971.T,8,1,1,1,1,1,1,1,1,0,Electric machinery
2007,2007,6981.T,7,1,1,1,1,1,0,0,1,1,Electric machinery
2007,2007,6988.T,3,1,1,0,1,0,0,0,0,0,Chemicals
2007,2007,7011.T,6,1,1,1,1,0,0,0,1,1,Machinery
2007,2007,7201.T,4,1,1,0,1,1,0,0,0,0,Automotive
2007,2007,7203.T,7,1,1,1,1,1,0,1,1,0,Automotive
2007,2007,7267.T,5,1,1,0,1,1,0,1,0,0,Automotive
2007,2007,7269.T,6,1,1,1,1,0,1,0,0,1,Automotive
2007,2007,7741.T,6,1,1,1,1,0,1,0,0,1,Precision instruments
2007,2007,7751.T,6,1,1,0,1,1,0,1,1,0,Electric machinery
2007,2007,7752.T,7,1,1,1,1,0,1,0,1,1,Electric machinery
2007,2007,7911.T,6,1,1,1,1,1,0,1,0,0,Other manufacturing
2007,2007,7912.T,4,1,1,0,1,0,0,1,0,0,Other manufacturing
2007,2007,7974.T,6,1,1,1,1,0,0,1,0,1,Services
2007,2007,8001.T,9,1,1,1,1,1,1,1,1,1,Trading companies
2007,2007,8031.T,5,1,1,1,0,1,0,0,0,1,Trading companies
2007,2007,8035.T,7,1,1,1,0,1,1,0,1,1,Electric machinery
2007,2007,8053.T,6,1,1,1,0,1,0,1,1,0,Trading companies
2007,2007,8058.T,6,1,1,1,1,1,0,0,1,0,Trading companies
2007,2007,8267.T,7,1,1,1,1,0,1,0,1,1,Retail
2007,2007,8801.T,7,1,1,1,0,0,1,1,1,1,Real estate
2007,2007,8802.T,7,1,1,1,1,1,0,0,1,1,Real estate
2007,2007,9020.T,8,1,1,1,1,1,1,0,1,1,Railway/bus
2007,2007,9021.T,7,1,1,1,1,1,1,0,0,1,Railway/bus
2007,2007,9022.T,6,1,1,1,1,0,0,1,0,1,Railway/bus
2007,2007,9064.T,6,1,1,1,1,0,1,1,0,0,Land transport
2007,2007,9432.T,6,1,1,0,1,1,0,1,0,1,Communications
2007,2007,9437.T,6,1,1,0,1,1,1,1,0,0,
2007,2007,9502.T,7,1,1,0,1,1,1,1,0,1,Electric power
2007,2007,9503.T,7,1,1,0,1,1,1,1,0,1,Electric power
2007,2007,9613.T,8,1,1,1,1,1,1,1,0,1,
2007,2007,9735.T,4,1,0,1,0,0,0,1,0,1,Services
2007,2007,9831.T,6,1,1,1,1,0,0,0,1,1,Consumer Cyclical
2007,2007,9984.T,5,1,1,0,1,0,0,0,1,1,Communications
2008,2008,1605.T,8,1,1,1,1,1,0,1,1,1,Mining
2008,2008,1925.T,4,1,0,0,0,0,1,1,0,1,Construction
2008,2008,1928.T,4,1,0,0,0,0,1,1,1,0,Construction
2008,2008,2503.T,6,1,1,0,1,0,1,1,0,1,Foods
2008,2008,3382.T,5,1,1,0,1,1,0,1,0,0,Retail
2008,2008,3402.T,5,1,1,0,1,0,1,1,0,0,Textiles & apparel
2008,2008,3407.T,8,1,1,1,1,1,1,1,0,1,Chemicals
2008,2008,4005.T,4,1,1,0,1,1,0,0,0,0,Chemicals
2008,2008,4063.T,7,1,1,1,1,0,1,1,1,0,Chemicals
2008,2008,4188.T,5,1,1,1,0,0,1,0,0,1,Chemicals
2008,2008,4452.T,7,1,1,0,1,1,1,1,0,1,Chemicals
2008,2008,4502.T,7,1,1,1,0,1,0,1,1,1,Pharmaceuticals
2008,2008,4503.T,8,1,1,1,1,0,1,1,1,1,Pharmaceuticals
2008,2008,4523.T,4,0,1,0,1,0,0,0,1,1,Pharmaceuticals
2008,2008,4568.T,7,1,1,1,0,1,1,1,1,0,Pharmaceuticals
2008,2008,4689.T,5,1,1,0,1,1,1,0,0,0,Services
2008,2008,4901.T,6,1,1,1,1,1,0,1,0,0,Chemicals
2008,2008,5001.T,8,1,1,1,0,1,1,1,1,1,
2008,2008,5108.T,3,1,1,0,1,0,0,0,0,0,Rubber
2008,2008,5201.T,5,1,1,0,1,0,0,1,1,0,Glass & ceramics
2008,2008,5401.T,5,1,1,0,1,1,0,1,0,0,Steel
2008,2008,5405.T,5,1,1,0,1,0,1,1,0,0,
2008,2008,5406.T,6,1,1,0,1,1,0,1,0,1,Steel
2008,2008,5411.T,6,1,1,0,1,0,1,1,0,1,Steel
2008,2008,5802.T,6,1,1,1,1,1,0,0,1,0,Nonferrous metals
2008,2008,6273.T,5,1,1,0,1,1,0,1,0,0,Machinery
2008,2008,6301.T,5,1,1,1,0,0,0,0,1,1,Machinery
2008,2008,6326.T,6,1,1,0,1,0,1,1,0,1,Machinery
2008,2008,6501.T,6,0,1,0,1,1,0,1,1,1,Electric machinery
2008,2008,6502.T,3,1,1,0,1,0,0,0,0,0,
2008,2008,6503.T,8,1,1,1,1,1,1,0,1,1,Electric machinery
2008,2008,6594.T,5,1,1,0,1,1,0,0,0,1,Electric machinery
2008,2008,6701.T,8,1,1,1,1,0,1,1,1,1,Electric machinery
2008,2008,6702.T,5,1,1,0,1,0,1,0,0,1,Electric machinery
2008,2008,6752.T,7,1,1,1,1,0,1,1,0,1,Electric machinery
2008,2008,6753.T,4,1,1,0,1,1,0,0,0,0,Electric machinery
2008,2008,6758.T,6,1,1,1,1,1,0,0,1,0,Electric machinery
2008,2008,6762.T,5,1,1,0,1,1,0,1,0,0,Electric machinery
2008,2008,6861.T,5,1,1,0,0,0,1,1,1,0,Electric machinery
2008,2008,6902.T,8,1,1,1,1,0,1,1,1,1,Electric machinery
2008,2008,6954.T,8,1,1,1,1,0,1,1,1,1,Electric machinery
2008,2008,6963.T,6,1,1,0,1,0,1,1,1,0,Electric machinery
2008,2008,6971.T,5,1,1,0,1,0,1,0,1,0,Electric machinery
2008,2008,6981.T,5,1,1,0,1,1,0,1,0,0,Electric machinery
2008,2008,6988.T,8,1,1,1,1,1,1,1,0,1,Chemicals
2008,2008,7011.T,6,1,1,1,1,0,1,0,1,0,Machinery
2008,2008,7201.T,6,1,1,0,1,1,1,1,0,0,Automotive
2008,2008,7203.T,6,1,1,0,1,1,1,1,0,0,Automotive
2008,2008,7267.T,5,1,1,0,1,1,0,1,0,0,Automotive
2008,2008,7269.T,6,1,1,0,1,1,1,0,1,0,Automotive
2008,2008,7741.T,4,1,1,0,1,0,0,1,0,0,Precision instruments
2008,2008,7751.T,5,1,1,0,1,0,1,1,0,0,Electric machinery
2008,2008,7752.T,6,1,1,0,1,1,0,1,1,0,Electric machinery
2008,2008,7911.T,8,1,1,1,1,1,1,1,0,1,Other manufacturing
2008,2008,7912.T,6,1,1,0,1,1,0,1,0,1,Other manufacturing
2008,2008,7974.T,7,1,1,1,1,0,0,1,1,1,Services
2008,2008,8001.T,6,1,1,1,0,0,1,1,1,0,Trading companies
2008,2008,8002.T,6,1,1,1,1,0,1,0,0,1,Trading companies
2008,2008,8031.T,6,1,1,0,1,1,1,0,0,1,Trading companies
2008,2008,8035.T,7,1,1,1,1,1,1,0,1,0,Electric machinery
2008,2008,8053.T,4,1,1,0,1,0,1,0,0,0,Trading companies
2008,2008,8058.T,6,1,1,1,0,0,1,1,0,1,Trading companies
2008,2008,8267.T,5,1,1,0,1,1,0,1,0,0,Retail
2008,2008,8801.T,8,1,1,1,1,0,1,1,1,1,Real estate
2008,2008,8802.T,4,1,0,0,0,0,1,1,1,0,Real estate
2008,2008,8830.T,6,1,0,1,0,0,1,1,1,1,Real estate
2008,2008,9020.T,8,1,1,1,1,1,1,1,1,0,Railway/bus
2008,2008,9021.T,6,1,1,0,1,1,0,1,0,1,Railway/bus
2008,2008,9022.T,8,1,1,1,1,1,1,0,1,1,Railway/bus
2008,2008,9104.T,7,1,1,1,1,0,1,0,1,1,Marine transport
2008,2008,9432.T,7,1,1,1,1,1,0,1,0,1,Communications
2008,2008,9437.T,7,1,1,1,1,1,0,1,0,1,
2008,2008,9502.T,7,1,1,0,1,1,1,1,0,1,Electric power
2008,2008,9503.T,6,1,1,0,1,1,0,1,0,1,Electric power
2008,2008,9613.T,5,1,1,0,1,1,0,1,0,0,
2008,2008,9735.T,7,1,1,1,1,0,1,1,0,1,Services
2008,2008,9831.T,5,1,1,0,0,0,1,1,0,1,Consumer Cyclical
2008,2008,9984.T,7,1,1,1,1,1,1,0,1,0,Communications
2009,2009,1605.T,7,1,1,0,1,1,1,1,1,0,Mining
2009,2009,1925.T,5,1,1,0,1,0,1,1,0,0,Construction
2009,2009,1928.T,5,1,1,0,1,0,1,1,0,0,Construction
2009,2009,2503.T,4,1,1,0,1,0,0,1,0,0,Foods
2009,2009,3382.T,5,1,1,0,1,1,0,1,0,0,Retail
2009,2009,3402.T,4,0,1,0,1,0,1,1,0,0,Textiles & apparel
2009,2009,3407.T,3,1,1,0,1,0,0,0,0,0,Chemicals
2009,2009,4005.T,4,0,1,0,1,0,1,1,0,0,Chemicals
2009,2009,4063.T,6,1,1,0,1,1,1,1,0,0,Chemicals
2009,2009,4188.T,3,0,1,0,1,0,0,1,0,0,Chemicals
2009,2009,4452.T,6,1,1,0,1,1,1,1,0,0,Chemicals
2009,2009,4502.T,6,1,1,0,1,0,0,1,1,1,Pharmaceuticals
2009,2009,4503.T,6,1,1,0,1,0,0,1,1,1,Pharmaceuticals
2009,2009,4523.T,5,1,1,1,1,0,1,0,0,0,Pharmaceuticals
2009,2009,4568.T,5,0,1,0,1,0,0,1,1,1,Pharmaceuticals
2009,2009,4689.T,7,1,1,1,1,1,0,1,1,0,Services
2009,2009,4901.T,5,1,1,0,1,0,1,1,0,0,Chemicals
2009,2009,4911.T,6,1,1,0,1,0,1,1,1,0,Chemicals
2009,2009,5001.T,3,0,1,0,1,0,0,1,0,0,
2009,2009,5108.T,5,1,1,0,1,0,1,0,1,0,Rubber
2009,2009,5201.T,5,1,1,0,1,0,1,1,0,0,Glass & ceramics
2009,2009,5401.T,5,1,1,0,0,0,1,1,0,1,Steel
2009,2009,5405.T,6,1,1,0,1,0,1,1,0,1,
2009,2009,5406.T,4,0,1,0,1,0,1,1,0,0,Steel
2009,2009,5411.T,6,1,1,0,1,0,1,1,0,1,Steel
2009,2009,5802.T,4,1,1,0,1,0,1,0,0,0,Nonferrous metals
2009,2009,6273.T,5,1,1,0,1,0,1,1,0,0,Machinery
2009,2009,6301.T,4,1,1,0,0,0,1,1,0,0,Machinery
2009,2009,6326.T,3,1,0,0,0,0,1,1,0,0,Machinery
2009,2009,6367.T,5,1,1,0,1,1,0,1,0,0,Machinery
2009,2009,6501.T,5,0,1,0,1,1,0,1,1,0,Electric machinery
2009,2009,6502.T,1,0,0,0,1,0,0,0,0,0,
2009,2009,6503.T,5,1,1,0,1,0,1,1,0,0,Electric machinery
2009,2009,6594.T,5,1,1,0,1,1,0,1,0,0,Electric machinery
2009,2009,6701.T,3,0,1,0,1,0,0,1,0,0,Electric machinery
2009,2009,6702.T,4,0,1,0,1,1,0,1,0,0,Electric machinery
2009,2009,6752.T,4,0,1,0,1,0,1,1,0,0,Electric machinery
2009,2009,6753.T,3,0,1,0,1,0,0,1,0,0,Electric machinery
2009,2009,6758.T,3,0,1,0,1,1,0,0,0,0,Electric machinery
2009,2009,6762.T,2,0,1,0,1,0,0,0,0,0,Electric machinery
2009,2009,6861.T,5,1,1,0,1,0,1,1,0,0,Electric machinery
2009,2009,6902.T,4,0,1,0,1,0,1,1,0,0,Electric machinery
2009,2009,6954.T,5,1,1,0,1,0,1,1,0,0,Electric machinery
2009,2009,6963.T,4,1,1,0,1,0,0,1,0,0,Electric machinery
2009,2009,6971.T,5,1,1,0,1,0,1,1,0,0,Electric machinery
2009,2009,6981.T,6,1,1,0,1,1,1,1,0,0,Electric machinery
2009,2009,6988.T,4,1,1,0,1,0,1,0,0,0,Chemicals
2009,2009,7011.T,4,1,1,0,1,0,0,0,0,1,Machinery
2009,2009,7201.T,4,0,1,0,1,0,1,1,0,0,Automotive
2009,2009,7203.T,4,0,1,0,1,0,1,1,0,0,Automotive
2009,2009,7267.T,3,1,1,0,1,0,0,0,0,0,Automotive
2009,2009,7269.T,4,1,1,0,1,0,0,1,0,0,Automotive
2009,2009,7731.T,4,1,1,0,0,0,1,1,0,0,Precision instruments
2009,2009,7741.T,6,1,1,0,1,1,1,1,0,0,Precision instruments
2009,2009,7751.T,6,1,1,0,1,1,1,1,0,0,Electric machinery
2009,2009,7752.T,3,1,1,0,1,0,0,0,0,0,Electric machinery
2009,2009,7911.T,4,0,1,0,1,0,1,1,0,0,Other manufacturing
2009,2009,7912.T,4,0,1,0,1,0,0,1,0,1,Other manufacturing
2009,2009,7974.T,6,1,1,0,1,0,1,1,1,0,Services
2009,2009,8001.T,5,1,1,0,1,0,0,1,0,1,Trading companies
2009,2009,8002.T,6,1,1,0,1,1,0,1,1,0,Trading companies
2009,2009,8031.T,5,1,1,0,1,0,1,0,1,0,Trading companies
2009,2009,8035.T,4,1,1,0,1,0,1,0,0,0,Electric machinery
2009,2009,8053.T,6,1,1,1,1,0,0,0,1,1,Trading companies
2009,2009,8058.T,5,1,1,0,1,0,1,0,1,0,Trading companies
2009,2009,8267.T,3,0,1,0,1,0,0,1,0,0,Retail
2009,2009,8801.T,3,1,0,0,0,0,1,1,0,0,Real estate
2009,2009,8802.T,5,1,1,0,1,1,0,1,0,0,Real estate
2009,2009,8830.T,3,1,0,0,0,1,0,1,0,0,Real estate
2009,2009,9020.T,7,1,1,0,1,1,1,1,0,1,Railway/bus
2009,2009,9021.T,5,1,1,0,1,0,1,1,0,0,Railway/bus
2009,2009,9022.T,7,1,1,0,1,1,1,1,0,1,Railway/bus
2009,2009,9104.T,3,1,1,0,0,0,1,0,0,0,Marine transport
2009,2009,9432.T,6,1,1,0,1,0,1,1,1,0,Communications
2009,2009,9437.T,6,1,1,0,1,0,1,1,1,0,
2009,2009,9502.T,6,0,1,0,1,1,1,1,0,1,Electric power
2009,2009,9503.T,4,0,1,0,1,0,0,1,0,1,Electric power
2009,2009,9506.T,5,0,1,0,1,0,1,1,0,1,Utilities
2009,2009,9735.T,6,1,1,0,1,1,1,1,0,0,Services
2009,2009,9831.T,5,1,1,0,1,1,0,0,1,0,Consumer Cyclical
2009,2009,9984.T,5,1,1,0,1,1,0,0,1,0,Communications
2010,2010,1605.T,5,1,1,0,1,0,1,1,0,0,Mining
2010,2010,1925.T,6,1,1,1,1,0,1,1,0,0,Construction
2010,2010,1928.T,4,0,1,0,1,1,0,1,0,0,Construction
2010,2010,2503.T,6,1,1,0,1,1,1,0,1,0,Foods
2010,2010,2914.T,8,1,1,1,1,1,1,1,1,0,Foods
2010,2010,3382.T,6,1,1,0,1,0,1,1,1,0,Retail
2010,2010,3402.T,7,0,1,1,1,1,0,1,1,1,Textiles & apparel
2010,2010,3407.T,7,1,1,1,1,0,1,1,1,0,Chemicals
2010,2010,4005.T,7,1,1,1,1,0,0,1,1,1,Chemicals
2010,2010,4063.T,4,1,1,0,1,1,0,0,0,0,Chemicals
2010,2010,4188.T,6,1,1,1,1,0,0,1,1,0,Chemicals
2010,2010,4452.T,6,1,1,0,1,1,0,0,1,1,Chemicals
2010,2010,4502.T,6,1,1,1,1,1,1,0,0,0,Pharmaceuticals
2010,2010,4503.T,7,1,1,0,1,1,1,1,0,1,Pharmaceuticals
2010,2010,4523.T,6,1,1,0,1,1,1,0,0,1,Pharmaceuticals
2010,2010,4568.T,7,1,1,1,1,0,1,1,0,1,Pharmaceuticals
2010,2010,4901.T,6,0,1,0,1,1,0,1,1,1,Chemicals
2010,2010,4911.T,7,1,1,1,1,0,0,1,1,1,Chemicals
2010,2010,5108.T,8,1,1,1,1,1,0,1,1,1,Rubber
2010,2010,5201.T,8,1,1,1,1,1,0,1,1,1,Glass & ceramics
2010,2010,5401.T,2,0,1,0,1,0,0,0,0,0,Steel
2010,2010,5405.T,3,0,1,0,1,0,0,1,0,0,
2010,2010,5406.T,6,1,1,1,1,0,1,1,0,0,Steel
2010,2010,5411.T,6,1,1,0,1,1,1,1,0,0,Steel
2010,2010,5713.T,6,1,1,1,0,1,1,0,1,0,Nonferrous metals
2010,2010,5802.T,8,1,1,1,1,0,1,1,1,1,Nonferrous metals
2010,2010,6273.T,5,1,1,0,1,1,0,1,0,0,Machinery
2010,2010,6301.T,4,1,1,0,1,0,1,0,0,0,Machinery
2010,2010,6326.T,5,1,1,0,1,0,1,1,0,0,Machinery
2010,2010,6367.T,6,1,1,0,1,0,1,1,1,0,Machinery
2010,2010,6501.T,6,0,1,1,1,0,1,0,1,1,Electric machinery
2010,2010,6502.T,6,0,1,1,1,0,1,0,1,1,
2010,2010,6503.T,6,1,1,1,1,0,1,1,0,0,Electric machinery
2010,2010,6594.T,8,1,1,1,1,1,1,1,1,0,Electric machinery
2010,2010,6701.T,6,1,1,1,1,1,1,0,0,0,Electric machinery
2010,2010,6702.T,8,1,1,1,1,1,0,1,1,1,Electric machinery
2010,2010,6752.T,6,0,1,1,1,0,0,1,1,1,Electric machinery
2010,2010,6753.T,8,1,1,1,1,0,1,1,1,1,Electric machinery
2010,2010,6758.T,5,0,1,1,1,0,1,0,1,0,Electric machinery
2010,2010,6762.T,6,1,1,1,1,1,0,0,1,0,Electric machinery
2010,2010,6861.T,4,1,1,0,1,0,0,1,0,0,Electric machinery
2010,2010,6902.T,7,1,1,1,1,0,1,0,1,1,Electric machinery
2010,2010,6954.T,4,1,1,0,1,0,0,1,0,0,Electric machinery
2010,2010,6963.T,7,1,1,0,1,1,0,1,1,1,Electric machinery
2010,2010,6971.T,7,1,1,1,1,0,0,1,1,1,Electric machinery
2010,2010,6981.T,8,1,1,1,1,1,0,1,1,1,Electric machinery
2010,2010,6988.T,7,1,1,1,1,0,1,0,1,1,Chemicals
2010,2010,7011.T,5,1,1,0,1,0,1,0,1,0,Machinery
2010,2010,7201.T,7,1,1,1,1,0,1,0,1,1,Automotive
2010,2010,7203.T,7,1,1,1,1,0,1,0,1,1,Automotive
2010,2010,7267.T,6,1,1,1,1,0,1,1,0,0,Automotive
2010,2010,7269.T,6,1,1,1,1,0,1,0,1,0,Automotive
2010,2010,7731.T,3,0,1,0,1,1,0,0,0,0,Precision instruments
2010,2010,7741.T,8,1,1,1,1,0,1,1,1,1,Precision instruments
2010,2010,7751.T,8,1,1,1,1,1,0,1,1,1,Electric machinery
2010,2010,7752.T,7,1,1,1,1,1,1,1,0,0,Electric machinery
2010,2010,7911.T,8,1,1,1,1,1,1,1,1,0,Other manufacturing
2010,2010,7912.T,8,1,1,1,1,0,1,1,1,1,Other manufacturing
2010,2010,7974.T,4,1,1,0,0,0,1,1,0,0,Services
2010,2010,8001.T,6,1,1,0,1,0,1,1,0,1,Trading companies
2010,2010,8002.T,5,1,1,0,1,1,1,0,0,0,Trading companies
2010,2010,8031.T,4,1,1,0,1,0,1,0,0,0,Trading companies
2010,2010,8035.T,2,0,1,0,1,0,0,0,0,0,Electric machinery
2010,2010,8053.T,5,1,1,0,1,0,1,0,1,0,Trading companies
2010,2010,8058.T,5,1,1,0,1,1,1,0,0,0,Trading companies
2010,2010,8267.T,6,1,1,1,1,0,1,1,0,0,Retail
2010,2010,8801.T,5,1,1,0,1,1,0,1,0,0,Real estate
2010,2010,8802.T,5,1,1,0,1,1,0,0,0,1,Real estate
2010,2010,8830.T,6,1,1,1,1,0,1,1,0,0,Real estate
2010,2010,9020.T,5,1,1,0,1,1,0,1,0,0,Railway/bus
2010,2010,9021.T,5,1,1,0,1,0,1,1,0,0,Railway/bus
2010,2010,9022.T,5,1,1,0,1,1,1,0,0,0,Railway/bus
2010,2010,9104.T,5,1,1,0,1,0,1,1,0,0,Marine transport
2010,2010,9432.T,7,1,1,0,1,1,1,1,1,0,Communications
2010,2010,9433.T,5,1,1,0,1,0,0,1,1,0,Communications
2010,2010,9437.T,8,1,1,1,1,1,1,1,1,0,
2010,2010,9502.T,7,1,1,1,1,1,0,1,1,0,Electric power
2010,2010,9503.T,8,1,1,1,1,1,1,1,1,0,Electric power
2010,2010,9506.T,7,1,1,1,1,1,0,1,1,0,Utilities
2010,2010,9508.T,7,1,1,1,1,1,0,1,1,0,Utilities
2010,2010,9735.T,8,1,1,1,1,0,1,1,1,1,Services
2010,2010,9831.T,7,1,1,1,1,1,0,0,1,1,Consumer Cyclical
2010,2010,9984.T,7,1,1,1,1,0,1,0,1,1,Communications
2011,2011,1605.T,5,1,1,1,1,1,0,0,0,0,Mining
2011,2011,1925.T,7,1,1,1,1,1,0,1,1,0,Construction
2011,2011,1928.T,8,1,1,1,1,0,1,1,1,1,Construction
2011,2011,2503.T,6,1,1,0,1,0,0,1,1,1,Foods
2011,2011,2914.T,8,1,1,1,1,1,1,1,0,1,Foods
2011,2011,3382.T,6,1,1,1,1,0,0,1,0,1,Retail
2011,2011,3402.T,8,1,1,1,1,1,1,0,1,1,Textiles & apparel
2011,2011,3407.T,9,1,1,1,1,1,1,1,1,1,Chemicals
2011,2011,4005.T,8,1,1,1,1,0,1,1,1,1,Chemicals
2011,2011,4063.T,8,1,1,1,1,1,0,1,1,1,Chemicals
2011,2011,4188.T,8,1,1,1,1,1,1,0,1,1,Chemicals
2011,2011,4452.T,7,1,1,1,1,1,0,1,0,1,Chemicals
2011,2011,4502.T,4,1,1,0,1,0,0,1,0,0,Pharmaceuticals
2011,2011,4503.T,3,1,1,0,1,0,0,0,0,0,Pharmaceuticals
2011,2011,4523.T,6,1,1,1,1,1,1,0,0,0,Pharmaceuticals
2011,2011,4568.T,8,1,1,1,1,1,0,1,1,1,Pharmaceuticals
2011,2011,4901.T,9,1,1,1,1,1,1,1,1,1,Chemicals
2011,2011,4911.T,4,1,1,0,1,0,1,0,0,0,Chemicals
2011,2011,5108.T,7,1,1,1,1,0,1,1,0,1,Rubber
2011,2011,5201.T,5,1,1,0,1,1,0,1,0,0,Glass & ceramics
2011,2011,5401.T,9,1,1,1,1,1,1,1,1,1,Steel
2011,2011,5405.T,7,0,1,1,1,1,0,1,1,1,
2011,2011,5406.T,8,1,1,1,1,1,0,1,1,1,Steel
2011,2011,5411.T,7,1,1,1,1,1,0,0,1,1,Steel
2011,2011,5713.T,9,1,1,1,1,1,1,1,1,1,Nonferrous metals
2011,2011,5802.T,8,1,1,1,1,0,1,1,1,1,Nonferrous metals
2011,2011,6273.T,7,1,1,1,1,0,0,1,1,1,Machinery
2011,2011,6301.T,7,1,1,1,0,1,0,1,1,1,Machinery
2011,2011,6326.T,7,1,1,1,1,1,0,1,1,0,Machinery
2011,2011,6367.T,7,1,1,1,1,1,1,0,0,1,Machinery
2011,2011,6501.T,7,1,1,1,1,1,0,0,1,1,Electric machinery
2011,2011,6502.T,9,1,1,1,1,1,1,1,1,1,
2011,2011,6503.T,7,1,1,1,1,1,0,0,1,1,Electric machinery
2011,2011,6594.T,8,1,1,1,1,0,1,1,1,1,Electric machinery
2011,2011,6701.T,4,0,1,0,1,1,0,1,0,0,Electric machinery
2011,2011,6702.T,5,1,1,0,1,1,0,0,1,0,Electric machinery
2011,2011,6752.T,5,1,1,1,1,0,0,1,0,0,Electric machinery
2011,2011,6753.T,7,1,1,1,1,0,1,1,0,1,Electric machinery
2011,2011,6758.T,4,0,1,0,1,1,0,0,1,0,Electric machinery
2011,2011,6762.T,7,1,1,1,1,1,0,0,1,1,Electric machinery
2011,2011,6861.T,5,1,1,1,0,0,0,1,0,1,Electric machinery
2011,2011,6902.T,8,1,1,1,1,1,1,1,1,0,Electric machinery
2011,2011,6954.T,7,1,1,1,1,0,0,1,1,1,Electric machinery
2011,2011,6963.T,9,1,1,1,1,1,1,1,1,1,Electric machinery
2011,2011,6971.T,8,1,1,1,0,1,1,1,1,1,Electric machinery
2011,2011,6981.T,6,1,1,1,1,0,0,0,1,1,Electric machinery
2011,2011,6988.T,8,1,1,1,1,1,1,1,1,0,Chemicals
2011,2011,7011.T,8,1,1,1,1,1,0,1,1,1,Machinery
2011,2011,7201.T,8,1,1,1,1,1,1,0,1,1,Automotive
2011,2011,7203.T,7,1,1,1,1,1,0,1,1,0,Automotive
2011,2011,7267.T,8,1,1,1,1,1,0,1,1,1,Automotive
2011,2011,7269.T,7,1,1,1,1,1,1,0,1,0,Automotive
2011,2011,7731.T,7,1,1,1,1,0,1,0,1,1,Precision instruments
2011,2011,7741.T,7,1,1,1,1,1,1,0,1,0,Precision instruments
2011,2011,7751.T,6,1,1,0,1,0,1,1,1,0,Electric machinery
2011,2011,7752.T,7,1,1,0,1,1,1,1,0,1,Electric machinery
2011,2011,7912.T,7,1,1,1,1,0,1,1,1,0,Other manufacturing
2011,2011,7974.T,6,1,1,0,1,1,1,1,0,0,Services
2011,2011,8001.T,7,1,1,1,1,1,1,0,0,1,Trading companies
2011,2011,8002.T,7,1,1,1,1,1,0,1,0,1,Trading companies
2011,2011,8031.T,7,1,1,1,1,1,0,0,1,1,Trading companies
2011,2011,8035.T,6,1,1,1,1,0,0,0,1,1,Electric machinery
2011,2011,8053.T,7,1,1,1,1,0,1,0,1,1,Trading companies
2011,2011,8058.T,6,1,1,1,0,1,1,0,0,1,Trading companies
2011,2011,8267.T,5,1,1,1,1,1,0,0,0,0,Retail
2011,2011,8801.T,5,1,1,0,1,0,0,1,0,1,Real estate
2011,2011,8802.T,7,1,1,1,1,0,1,1,1,0,Real estate
2011,2011,8830.T,6,1,1,0,0,1,1,1,1,0,Real estate
2011,2011,9020.T,5,1,1,0,1,1,0,1,0,0,Railway/bus
2011,2011,9021.T,6,1,1,1,1,0,1,1,0,0,Railway/bus
2011,2011,9022.T,9,1,1,1,1,1,1,1,1,1,Railway/bus
2011,2011,9432.T,7,1,1,1,1,0,1,1,0,1,Communications
2011,2011,9433.T,7,1,1,1,1,1,1,1,0,0,Communications
2011,2011,9437.T,6,1,1,0,1,1,1,1,0,0,
2011,2011,9502.T,5,1,1,0,1,0,0,1,0,1,Electric power
2011,2011,9503.T,6,1,1,0,1,1,0,1,0,1,Electric power
2011,2011,9506.T,6,0,1,0,1,1,1,1,0,1,Utilities
2011,2011,9508.T,7,1,1,0,1,1,1,1,0,1,Utilities
2011,2011,9735.T,7,1,1,1,1,0,1,1,0,1,Services
2011,2011,9831.T,7,1,1,1,1,1,1,1,0,0,Consumer Cyclical
2011,2011,9984.T,7,1,1,1,1,1,0,0,1,1,Communications
2012,2012,1605.T,8,1,1,1,1,1,1,1,1,0,Mining
2012,2012,1925.T,8,1,1,1,1,1,0,1,1,1,Construction
2012,2012,1928.T,6,1,1,0,0,1,0,1,1,1,Construction
2012,2012,2503.T,8,1,1,1,1,1,1,1,1,0,Foods
2012,2012,2914.T,8,1,1,1,1,1,0,1,1,1,Foods
2012,2012,3382.T,6,1,1,1,1,1,1,0,0,0,Retail
2012,2012,3402.T,8,1,1,1,1,1,0,1,1,1,Textiles & apparel
2012,2012,3407.T,6,1,1,0,1,1,1,1,0,0,Chemicals
2012,2012,4063.T,5,1,1,0,0,1,1,1,0,0,Chemicals
2012,2012,4188.T,7,1,1,0,1,1,1,1,0,1,Chemicals
2012,2012,4452.T,7,1,1,1,1,0,1,1,0,1,Chemicals
2012,2012,4502.T,4,1,1,0,1,0,0,0,0,1,Pharmaceuticals
2012,2012,4503.T,5,1,1,1,1,0,0,0,0,1,Pharmaceuticals
2012,2012,4523.T,5,1,1,0,1,1,1,0,0,0,Pharmaceuticals
2012,2012,4568.T,5,1,1,0,1,1,0,0,1,0,Pharmaceuticals
2012,2012,4901.T,5,1,1,0,1,1,0,0,0,1,Chemicals
2012,2012,4911.T,6,1,1,1,1,0,0,0,1,1,Chemicals
2012,2012,5020.T,6,1,1,0,1,1,1,0,0,1,Petroleum
2012,2012,5108.T,7,1,1,1,1,1,0,0,1,1,Rubber
2012,2012,5201.T,6,1,1,0,1,0,1,1,0,1,Glass & ceramics
2012,2012,5401.T,6,1,1,0,1,1,1,1,0,0,Steel
2012,2012,5411.T,3,0,1,0,1,0,1,0,0,0,Steel
2012,2012,5713.T,5,1,1,0,1,0,1,1,0,0,Nonferrous metals
2012,2012,5802.T,6,1,1,0,1,1,0,1,0,1,Nonferrous metals
2012,2012,6273.T,7,1,1,1,0,1,1,1,1,0,Machinery
2012,2012,6301.T,7,1,1,1,0,1,1,1,1,0,Machinery
2012,2012,6326.T,7,1,1,1,1,1,0,1,0,1,Machinery
2012,2012,6367.T,7,1,1,1,1,1,0,1,0,1,Machinery
2012,2012,6501.T,7,1,1,1,1,1,1,0,0,1,Electric machinery
2012,2012,6502.T,4,1,1,0,1,0,0,1,0,0,
2012,2012,6503.T,4,1,1,0,0,0,1,1,0,0,Electric machinery
2012,2012,6594.T,5,1,1,0,1,1,0,1,0,0,Electric machinery
2012,2012,6702.T,6,1,1,0,1,0,1,1,0,1,Electric machinery
2012,2012,6752.T,3,0,1,0,1,1,0,0,0,0,Electric machinery
2012,2012,6758.T,4,0,1,0,1,1,0,1,0,0,Electric machinery
2012,2012,6861.T,4,1,1,0,0,0,1,1,0,0,Electric machinery
2012,2012,6902.T,5,1,1,0,1,0,1,0,0,1,Electric machinery
2012,2012,6954.T,6,1,1,1,1,0,0,1,0,1,Electric machinery
2012,2012,6971.T,6,1,1,0,1,1,1,1,0,0,Electric machinery
2012,2012,6981.T,4,1,1,0,1,0,0,1,0,0,Electric machinery
2012,2012,6988.T,5,1,1,0,1,1,1,0,0,0,Chemicals
2012,2012,7011.T,6,1,1,0,1,1,0,0,1,1,Machinery
2012,2012,7201.T,6,1,1,1,1,0,1,0,0,1,Automotive
2012,2012,7203.T,4,1,1,0,1,1,0,0,0,0,Automotive
2012,2012,7267.T,5,1,1,0,1,0,1,1,0,0,Automotive
2012,2012,7269.T,7,1,1,1,1,1,0,1,0,1,Automotive
2012,2012,7731.T,6,1,1,1,0,1,1,0,1,0,Precision instruments
2012,2012,7741.T,5,1,1,0,1,1,0,0,1,0,Precision instruments
2012,2012,7751.T,6,1,1,0,1,1,1,1,0,0,Electric machinery
2012,2012,7752.T,4,0,1,0,1,0,0,1,0,1,Electric machinery
2012,2012,7912.T,4,0,1,0,1,0,1,1,0,0,Other manufacturing
2012,2012,7974.T,3,0,0,0,0,1,1,1,0,0,Services
2012,2012,8001.T,6,1,1,1,0,1,0,1,0,1,Trading companies
2012,2012,8002.T,7,1,1,1,0,1,1,1,0,1,Trading companies
2012,2012,8031.T,5,1,1,1,0,1,0,0,0,1,Trading companies
2012,2012,8035.T,3,1,1,0,0,0,1,0,0,0,Electric machinery
2012,2012,8053.T,7,1,1,1,0,1,1,0,1,1,Trading companies
2012,2012,8058.T,4,1,1,0,1,0,0,0,0,1,Trading companies
2012,2012,8267.T,5,1,1,1,1,0,0,0,0,1,Retail
2012,2012,8801.T,6,1,1,0,1,1,0,1,1,0,Real estate
2012,2012,8802.T,4,1,1,0,1,0,0,0,0,1,Real estate
2012,2012,8830.T,7,1,1,1,1,0,1,1,1,0,Real estate
2012,2012,9020.T,8,1,1,1,1,1,1,1,1,0,Railway/bus
2012,2012,9021.T,7,1,1,0,1,1,0,1,1,1,Railway/bus
2012,2012,9022.T,6,1,1,0,1,1,0,1,1,0,Railway/bus
2012,2012,9202.T,7,1,1,1,1,0,1,0,1,1,Air transport
2012,2012,9432.T,6,1,1,0,1,1,1,1,0,0,Communications
2012,2012,9433.T,5,1,1,0,1,0,0,1,0,1,Communications
2012,2012,9437.T,7,1,1,0,1,1,1,1,1,0,
2012,2012,9502.T,5,0,1,0,1,0,1,1,0,1,Electric power
2012,2012,9503.T,4,0,1,0,1,0,1,1,0,0,Electric power
2012,2012,9735.T,5,1,1,0,1,1,0,0,0,1,Services
2012,2012,9831.T,5,1,1,0,0,1,0,1,1,0,Consumer Cyclical
2012,2012,9983.T,7,1,1,1,1,1,1,0,0,1,Retail
2012,2012,9984.T,6,1,1,1,1,1,0,0,0,1,Communications
2013,2013,1605.T,5,1,1,0,1,0,1,1,0,0,Mining
2013,2013,1878.T,7,1,1,1,1,1,1,0,0,1,Real Estate
2013,2013,1925.T,8,1,1,1,1,0,1,1,1,1,Construction
2013,2013,1928.T,7,1,1,1,1,0,1,1,1,0,Construction
2013,2013,1963.T,6,1,1,1,1,0,0,1,0,1,Construction
2013,2013,2502.T,9,1,1,1,1,1,1,1,1,1,Foods
2013,2013,2503.T,8,1,1,1,1,1,1,1,1,0,Foods
2013,2013,2802.T,8,1,1,1,1,1,1,1,1,0,Foods
2013,2013,2914.T,8,1,1,1,1,1,0,1,1,1,Foods
2013,2013,3382.T,4,1,1,1,1,0,0,0,0,0,Retail
2013,2013,3402.T,5,1,1,0,1,1,1,0,0,0,Textiles & apparel
2013,2013,3407.T,6,1,1,0,1,0,0,1,1,1,Chemicals
2013,2013,4063.T,6,1,1,1,1,0,1,0,1,0,Chemicals
2013,2013,4188.T,5,1,1,0,1,1,0,1,0,0,Chemicals
2013,2013,4452.T,8,1,1,1,1,1,1,1,0,1,Chemicals
2013,2013,4502.T,4,1,1,0,1,0,1,0,0,0,Pharmaceuticals
2013,2013,4503.T,7,1,1,1,1,1,1,1,0,0,Pharmaceuticals
2013,2013,4523.T,4,1,1,0,1,1,0,0,0,0,Pharmaceuticals
2013,2013,4568.T,6,1,1,1,1,1,0,0,0,1,Pharmaceuticals
2013,2013,4578.T,7,1,1,1,0,1,0,1,1,1,Pharmaceuticals
2013,2013,4661.T,7,1,1,1,1,1,0,0,1,1,Services
2013,2013,4901.T,5,1,1,1,1,0,1,0,0,0,Chemicals
2013,2013,4911.T,4,0,1,0,1,1,0,0,0,1,Chemicals
2013,2013,5020.T,4,1,1,0,1,0,0,1,0,0,Petroleum
2013,2013,5108.T,7,1,1,1,1,1,0,0,1,1,Rubber
2013,2013,5201.T,4,1,1,0,1,1,0,0,0,0,Glass & ceramics
2013,2013,5401.T,3,0,1,0,1,0,0,0,0,1,Steel
2013,2013,5411.T,6,1,1,1,1,1,0,0,1,0,Steel
2013,2013,5713.T,6,1,1,1,1,0,0,1,1,0,Nonferrous metals
2013,2013,5802.T,6,1,1,0,1,1,1,1,0,0,Nonferrous metals
2013,2013,6273.T,7,1,1,1,1,1,1,1,0,0,Machinery
2013,2013,6301.T,4,1,1,0,1,0,1,0,0,0,Machinery
2013,2013,6326.T,7,1,1,1,0,0,1,1,1,1,Machinery
2013,2013,6367.T,6,1,1,1,1,0,1,0,0,1,Machinery
2013,2013,6501.T,5,1,1,0,1,0,1,0,1,0,Electric machinery
2013,2013,6502.T,6,1,1,1,1,0,0,1,1,0,
2013,2013,6503.T,5,1,1,0,1,1,0,1,0,0,Electric machinery
2013,2013,6594.T,4,1,1,0,1,0,0,1,0,0,Electric machinery
2013,2013,6702.T,5,0,1,0,1,1,0,1,0,1,Electric machinery
2013,2013,6752.T,6,0,1,0,1,1,0,1,1,1,Electric machinery
2013,2013,6758.T,7,1,1,1,1,0,1,0,1,1,Electric machinery
2013,2013,6861.T,6,1,1,1,0,0,1,1,0,1,Electric machinery
2013,2013,6902.T,8,1,1,1,1,1,0,1,1,1,Electric machinery
2013,2013,6954.T,5,1,1,0,1,0,1,1,0,0,Electric machinery
2013,2013,6971.T,7,1,1,0,1,1,1,1,0,1,Electric machinery
2013,2013,6981.T,7,1,1,1,1,0,0,1,1,1,Electric machinery
2013,2013,6988.T,7,1,1,1,1,1,0,0,1,1,Chemicals
2013,2013,7011.T,8,1,1,1,1,1,1,0,1,1,Machinery
2013,2013,7201.T,5,1,1,0,1,0,1,1,0,0,Automotive
2013,2013,7202.T,9,1,1,1,1,1,1,1,1,1,Automotive
2013,2013,7203.T,7,1,1,1,1,0,1,0,1,1,Automotive
2013,2013,7267.T,7,1,1,1,1,0,0,1,1,1,Automotive
2013,2013,7269.T,7,1,1,1,1,0,1,1,1,0,Automotive
2013,2013,7731.T,6,1,1,0,1,1,1,0,0,1,Precision instruments
2013,2013,7741.T,7,1,1,1,1,1,1,0,0,1,Precision instruments
2013,2013,7751.T,9,1,1,1,1,1,1,1,1,1,Electric machinery
2013,2013,7752.T,7,1,1,1,1,1,0,1,1,0,Electric machinery
2013,2013,7912.T,7,1,1,1,1,1,0,1,1,0,Other manufacturing
2013,2013,7974.T,5,1,0,1,0,1,0,1,0,1,Services
2013,2013,8001.T,5,1,1,0,0,1,1,1,0,0,Trading companies
2013,2013,8002.T,5,1,1,0,1,1,0,1,0,0,Trading companies
2013,2013,8031.T,4,1,1,0,1,1,0,0,0,0,Trading companies
2013,2013,8035.T,5,1,1,0,1,1,1,0,0,0,Electric machinery
2013,2013,8053.T,4,1,1,0,1,0,1,0,0,0,Trading companies
2013,2013,8058.T,4,1,1,0,1,0,1,0,0,0,Trading companies
2013,2013,8113.T,7,1,1,1,1,1,0,0,1,1,Consumer Defensive
2013,2013,8267.T,8,1,1,1,1,1,1,0,1,1,Retail
2013,2013,8801.T,8,1,1,1,1,0,1,1,1,1,Real estate
2013,2013,8802.T,4,1,1,0,1,0,0,1,0,0,Real estate
2013,2013,8830.T,5,1,1,0,0,1,1,1,0,0,Real estate
2013,2013,9020.T,9,1,1,1,1,1,1,1,1,1,Railway/bus
2013,2013,9021.T,9,1,1,1,1,1,1,1,1,1,Railway/bus
2013,2013,9022.T,8,1,1,1,1,1,0,1,1,1,Railway/bus
2013,2013,9064.T,8,1,1,1,1,1,0,1,1,1,Land transport
2013,2013,9202.T,7,1,1,1,1,1,1,0,0,1,Air transport
2013,2013,9432.T,7,1,1,1,1,1,0,1,0,1,Communications
2013,2013,9433.T,5,1,1,0,1,1,1,0,0,0,Communications
2013,2013,9437.T,7,1,1,1,1,1,0,1,0,1,
2013,2013,9502.T,6,0,1,1,1,0,1,1,0,1,Electric power
2013,2013,9503.T,4,0,1,1,1,0,0,1,0,0,Electric power
2013,2013,9735.T,7,1,1,1,1,0,0,1,1,1,Services
2013,2013,9983.T,5,1,1,1,0,0,1,0,0,1,Retail
2013,2013,9984.T,4,1,1,1,1,0,0,0,0,0,Communications
2014,2014,1605.T,5,1,1,0,1,0,1,1,0,0,Mining
2014,2014,1878.T,5,1,1,0,1,1,0,0,0,1,Real Estate
2014,2014,1925.T,5,1,1,1,0,1,0,0,0,1,Construction
2014,2014,1928.T,6,1,1,1,0,1,0,0,1,1,Construction
2014,2014,1963.T,4,1,1,0,1,0,0,1,0,0,Construction
2014,2014,2502.T,7,1,1,1,1,1,0,0,1,1,Foods
2014,2014,2503.T,6,1,1,0,1,1,0,1,1,0,Foods
2014,2014,2802.T,5,1,1,0,1,0,1,1,0,0,Foods
2014,2014,2914.T,7,1,1,1,0,1,1,0,1,1,Foods
2014,2014,3382.T,6,1,1,1,1,0,1,0,0,1,Retail
2014,2014,3402.T,7,1,1,1,1,0,1,1,0,1,Textiles & apparel
2014,2014,3407.T,8,1,1,1,1,1,1,1,1,0,Chemicals
2014,2014,4063.T,7,1,1,1,1,1,0,0,1,1,Chemicals
2014,2014,4188.T,7,1,1,1,1,0,1,1,0,1,Chemicals
2014,2014,4452.T,6,1,1,1,1,1,0,1,0,0,Chemicals
2014,2014,4502.T,6,1,1,0,1,1,1,0,1,0,Pharmaceuticals
2014,2014,4503.T,9,1,1,1,1,1,1,1,1,1,Pharmaceuticals
2014,2014,4523.T,5,1,1,0,1,1,0,0,0,1,Pharmaceuticals
2014,2014,4568.T,4,1,1,0,0,0,1,0,0,1,Pharmaceuticals
2014,2014,4578.T,7,1,1,1,1,0,0,1,1,1,Pharmaceuticals
2014,2014,4661.T,8,1,1,1,1,1,1,0,1,1,Services
2014,2014,4901.T,6,1,1,1,1,1,1,0,0,0,Chemicals
2014,2014,4911.T,6,1,1,1,1,1,0,0,0,1,Chemicals
2014,2014,5020.T,6,1,1,0,1,1,0,1,0,1,Petroleum
2014,2014,5108.T,6,1,1,1,1,0,1,0,1,0,Rubber
2014,2014,5401.T,7,1,1,1,1,1,1,0,1,0,Steel
2014,2014,5411.T,9,1,1,1,1,1,1,1,1,1,Steel
2014,2014,5713.T,4,1,1,0,0,1,0,1,0,0,Nonferrous metals
2014,2014,5802.T,7,1,1,1,1,0,0,1,1,1,Nonferrous metals
2014,2014,6273.T,6,1,1,1,0,0,0,1,1,1,Machinery
2014,2014,6301.T,7,1,1,1,1,1,1,0,1,0,Machinery
2014,2014,6326.T,8,1,1,1,0,1,1,1,1,1,Machinery
2014,2014,6367.T,6,1,1,1,1,1,0,0,1,0,Machinery
2014,2014,6501.T,6,1,1,1,0,0,0,1,1,1,Electric machinery
2014,2014,6502.T,8,1,1,1,1,0,1,1,1,1,
2014,2014,6503.T,9,1,1,1,1,1,1,1,1,1,Electric machinery
2014,2014,6594.T,6,1,1,1,1,0,1,0,1,0,Electric machinery
2014,2014,6702.T,7,1,1,1,1,0,1,1,0,1,Electric machinery
2014,2014,6752.T,9,1,1,1,1,1,1,1,1,1,Electric machinery
2014,2014,6758.T,6,0,1,0,1,1,1,0,1,1,Electric machinery
2014,2014,6861.T,7,1,1,1,1,0,0,1,1,1,Electric machinery
2014,2014,6902.T,7,1,1,1,1,1,0,0,1,1,Electric machinery
2014,2014,6954.T,6,1,1,0,1,0,1,1,1,0,Electric machinery
2014,2014,6971.T,8,1,1,1,1,1,1,1,1,0,Electric machinery
2014,2014,6981.T,7,1,1,1,1,0,1,0,1,1,Electric machinery
2014,2014,6988.T,5,1,1,1,1,1,0,0,0,0,Chemicals
2014,2014,7011.T,7,1,1,1,1,1,0,0,1,1,Machinery
2014,2014,7201.T,7,1,1,1,1,1,0,0,1,1,Automotive
2014,2014,7202.T,7,1,1,1,1,1,1,0,1,0,Automotive
2014,2014,7203.T,7,1,1,1,1,0,1,0,1,1,Automotive
2014,2014,7267.T,5,1,1,1,0,0,0,1,0,1,Automotive
2014,2014,7269.T,7,1,1,1,1,1,0,0,1,1,Automotive
2014,2014,7270.T,9,1,1,1,1,1,1,1,1,1,Automotive
2014,2014,7741.T,5,1,1,0,1,1,0,0,0,1,Precision instruments
2014,2014,7751.T,7,1,1,1,1,1,0,1,1,0,Electric machinery
2014,2014,7752.T,8,1,1,1,1,1,0,1,1,1,Electric machinery
2014,2014,7912.T,9,1,1,1,1,1,1,1,1,1,Other manufacturing
2014,2014,7974.T,4,0,0,0,1,0,1,1,1,0,Services
2014,2014,8001.T,7,1,1,0,1,1,1,1,0,1,Trading companies
2014,2014,8002.T,6,1,1,1,1,0,0,1,0,1,Trading companies
2014,2014,8031.T,5,1,1,0,1,1,0,1,0,0,Trading companies
2014,2014,8035.T,5,0,1,0,1,1,0,0,1,1,Electric machinery
2014,2014,8053.T,7,1,1,0,1,1,1,1,0,1,Trading companies
2014,2014,8058.T,6,1,1,0,1,1,1,0,0,1,Trading companies
2014,2014,8113.T,6,1,1,0,1,1,1,0,0,1,Consumer Defensive
2014,2014,8267.T,5,1,1,0,1,1,0,0,1,0,Retail
2014,2014,8801.T,7,1,1,1,1,1,0,1,1,0,Real estate
2014,2014,8802.T,8,1,1,1,1,1,0,1,1,1,Real estate
2014,2014,8830.T,7,1,1,1,1,0,1,1,1,0,Real estate
2014,2014,9020.T,8,1,1,1,1,1,1,1,1,0,Railway/bus
2014,2014,9021.T,9,1,1,1,1,1,1,1,1,1,Railway/bus
2014,2014,9022.T,9,1,1,1,1,1,1,1,1,1,Railway/bus
2014,2014,9064.T,5,1,1,0,1,0,0,1,0,1,Land transport
2014,2014,9202.T,6,1,1,0,1,1,0,1,0,1,Air transport
2014,2014,9432.T,6,1,1,1,1,0,0,1,0,1,Communications
2014,2014,9433.T,6,1,1,1,1,0,1,0,0,1,Communications
2014,2014,9437.T,5,1,1,0,1,0,1,1,0,0,
2014,2014,9502.T,5,0,1,0,1,1,0,1,0,1,Electric power
2014,2014,9503.T,5,0,1,1,1,0,1,0,0,1,Electric power
2014,2014,9735.T,5,1,1,0,1,1,0,1,0,0,Services
2014,2014,9983.T,5,1,1,0,1,1,0,0,1,0,Retail
2014,2014,9984.T,6,1,1,0,1,0,1,1,0,1,Communications
2015,2015,1605.T,5,1,1,0,1,0,1,1,0,0,Mining
2015,2015,1878.T,5,1,1,0,1,1,0,1,0,0,Real Estate
2015,2015,1925.T,7,1,1,1,1,0,1,1,1,0,Construction
2015,2015,1928.T,4,1,1,0,1,1,0,0,0,0,Construction
2015,2015,2502.T,6,1,1,1,1,0,1,1,0,0,Foods
2015,2015,2503.T,5,0,1,0,1,0,1,1,1,0,Foods
2015,2015,2802.T,8,1,1,1,1,1,0,1,1,1,Foods
2015,2015,2914.T,4,1,1,0,0,0,1,1,0,0,Foods
2015,2015,3382.T,6,1,1,0,1,1,1,0,1,0,Retail
2015,2015,3402.T,7,1,1,0,1,1,1,1,1,0,Textiles & apparel
2015,2015,3407.T,7,1,1,0,1,1,1,1,1,0,Chemicals
2015,2015,4063.T,5,1,1,0,1,1,0,0,1,0,Chemicals
2015,2015,4188.T,7,1,1,1,1,1,0,1,1,0,Chemicals
2015,2015,4452.T,6,1,1,1,1,0,1,0,1,0,Chemicals
2015,2015,4502.T,3,0,1,0,1,0,0,1,0,0,Pharmaceuticals
2015,2015,4503.T,7,1,1,1,1,1,0,1,1,0,Pharmaceuticals
2015,2015,4523.T,4,1,1,1,1,0,0,0,0,0,Pharmaceuticals
2015,2015,4568.T,6,1,1,1,0,1,1,0,1,0,Pharmaceuticals
2015,2015,4578.T,3,1,1,0,1,0,0,0,0,0,Pharmaceuticals
2015,2015,4661.T,7,1,1,1,1,1,1,0,1,0,Services
2015,2015,4755.T,5,1,1,0,1,0,1,0,0,1,Services
2015,2015,4901.T,7,1,1,1,1,1,1,0,1,0,Chemicals
2015,2015,4911.T,4,1,1,1,0,1,0,0,0,0,Chemicals
2015,2015,5020.T,3,0,1,0,1,0,0,1,0,0,Petroleum
2015,2015,5108.T,6,1,1,0,1,1,1,0,1,0,Rubber
2015,2015,5401.T,7,1,1,0,1,1,1,0,1,1,Steel
2015,2015,5411.T,9,1,1,1,1,1,1,1,1,1,Steel
2015,2015,5713.T,6,1,1,0,1,1,0,1,1,0,Nonferrous metals
2015,2015,5802.T,8,1,1,1,1,1,1,1,1,0,Nonferrous metals
2015,2015,6273.T,9,1,1,1,1,1,1,1,1,1,Machinery
2015,2015,6301.T,7,1,1,0,1,1,1,1,1,0,Machinery
2015,2015,6326.T,5,1,1,0,0,0,1,1,1,0,Machinery
2015,2015,6367.T,7,1,1,1,1,1,1,0,1,0,Machinery
2015,2015,6501.T,6,1,1,0,1,0,1,1,1,0,Electric machinery
2015,2015,6502.T,4,0,1,0,1,1,0,1,0,0,
2015,2015,6503.T,9,1,1,1,1,1,1,1,1,1,Electric machinery
2015,2015,6594.T,7,1,1,1,1,1,0,0,1,1,Electric machinery
2015,2015,6702.T,8,1,1,1,1,1,1,1,1,0,Electric machinery
2015,2015,6752.T,8,1,1,1,1,0,1,1,1,1,Electric machinery
2015,2015,6758.T,6,0,1,1,1,1,1,0,1,0,Electric machinery
2015,2015,6861.T,7,1,1,1,0,0,1,1,1,1,Electric machinery
2015,2015,6902.T,5,1,1,0,1,1,1,0,0,0,Electric machinery
2015,2015,6954.T,7,1,1,1,1,0,0,1,1,1,Electric machinery
2015,2015,6971.T,6,1,1,1,1,1,0,1,0,0,Electric machinery
2015,2015,6981.T,9,1,1,1,1,1,1,1,1,1,Electric machinery
2015,2015,6988.T,8,1,1,1,1,1,1,0,1,1,Chemicals
2015,2015,7011.T,5,1,1,0,1,0,1,0,1,0,Machinery
2015,2015,7201.T,5,1,1,0,1,1,0,0,1,0,Automotive
2015,2015,7202.T,5,1,1,0,1,0,1,1,0,0,Automotive
2015,2015,7203.T,7,1,1,1,1,0,1,1,1,0,Automotive
2015,2015,7261.T,8,1,1,1,1,1,1,1,0,1,Automotive
2015,2015,7267.T,5,1,1,0,1,0,1,1,0,0,Automotive
2015,2015,7269.T,6,1,1,0,1,0,1,1,1,0,Automotive
2015,2015,7270.T,8,1,1,1,1,1,1,1,1,0,Automotive
2015,2015,7741.T,8,1,1,1,1,0,1,1,1,1,Precision instruments
2015,2015,7751.T,5,1,1,0,1,1,0,0,1,0,Electric machinery
2015,2015,7974.T,9,1,1,1,1,1,1,1,1,1,Services
2015,2015,8001.T,7,1,1,1,1,1,0,1,1,0,Trading companies
2015,2015,8002.T,5,1,1,0,1,1,0,1,0,0,Trading companies
2015,2015,8031.T,5,1,1,0,1,0,1,0,1,0,Trading companies
2015,2015,8035.T,6,1,1,1,0,1,1,0,1,0,Electric machinery
2015,2015,8053.T,4,0,1,0,1,1,0,0,0,1,Trading companies
2015,2015,8058.T,8,1,1,1,1,1,1,1,1,0,Trading companies
2015,2015,8113.T,7,1,1,0,1,0,1,1,1,1,Consumer Defensive
2015,2015,8267.T,5,1,1,0,1,0,0,1,1,0,Retail
2015,2015,8801.T,5,1,1,1,0,1,1,0,0,0,Real estate
2015,2015,8802.T,7,1,1,1,1,0,1,1,0,1,Real estate
2015,2015,8830.T,6,1,1,1,0,0,1,1,0,1,Real estate
2015,2015,9020.T,7,1,1,0,1,1,1,1,1,0,Railway/bus
2015,2015,9021.T,7,1,1,0,1,1,1,1,1,0,Railway/bus
2015,2015,9022.T,9,1,1,1,1,1,1,1,1,1,Railway/bus
2015,2015,9064.T,6,1,1,0,1,0,1,1,1,0,Land transport
2015,2015,9202.T,7,1,1,1,1,1,0,0,1,1,Air transport
2015,2015,9432.T,5,1,1,0,1,0,1,1,0,0,Communications
2015,2015,9433.T,6,1,1,1,1,1,0,1,0,0,Communications
2015,2015,9437.T,5,1,1,0,1,0,1,1,0,0,
2015,2015,9502.T,8,1,1,1,1,1,0,1,1,1,Electric power
2015,2015,9503.T,5,0,1,0,1,1,0,1,0,1,Electric power
2015,2015,9735.T,6,1,1,1,1,0,1,1,0,0,Services
2015,2015,9983.T,7,1,1,1,1,1,1,0,0,1,Retail
2015,2015,9984.T,5,1,1,0,1,1,1,0,0,0,Communications
2016,2016,1605.T,4,1,1,0,1,0,0,1,0,0,Mining
2016,2016,1878.T,8,1,1,1,1,1,0,1,1,1,Real Estate
2016,2016,1925.T,6,1,1,0,1,1,0,0,1,1,Construction
2016,2016,1928.T,4,1,1,0,0,1,0,0,1,0,Construction
2016,2016,2502.T,5,1,1,1,1,0,0,0,1,0,Foods
2016,2016,2503.T,7,1,1,1,1,1,0,1,0,1,Foods
2016,2016,2802.T,8,1,1,1,1,0,1,1,1,1,Foods
2016,2016,2914.T,3,1,1,0,0,0,0,0,1,0,Foods
2016,2016,3382.T,5,1,1,0,1,0,1,0,1,0,Retail
2016,2016,3402.T,6,1,1,1,1,0,1,0,1,0,Textiles & apparel
2016,2016,3407.T,6,1,1,0,1,1,0,1,1,0,Chemicals
2016,2016,4063.T,7,1,1,1,1,1,1,0,1,0,Chemicals
2016,2016,4188.T,5,1,1,0,1,0,1,0,1,0,Chemicals
2016,2016,4452.T,7,1,1,1,1,1,0,1,1,0,Chemicals
2016,2016,4502.T,7,1,1,1,0,1,1,1,0,1,Pharmaceuticals
2016,2016,4503.T,7,1,1,1,1,0,0,1,1,1,Pharmaceuticals
2016,2016,4507.T,8,1,1,1,1,1,1,0,1,1,Pharmaceuticals
2016,2016,4523.T,6,1,1,1,1,1,1,0,0,0,Pharmaceuticals
2016,2016,4528.T,4,1,1,1,0,0,0,0,0,1,Healthcare
2016,2016,4568.T,8,1,1,0,1,1,1,1,1,1,Pharmaceuticals
2016,2016,4578.T,6,1,1,0,1,1,1,1,0,0,Pharmaceuticals
2016,2016,4661.T,6,1,1,0,1,1,1,0,1,0,Services
2016,2016,4755.T,3,1,1,0,0,0,1,0,0,0,Services
2016,2016,4901.T,6,1,1,0,1,1,0,1,1,0,Chemicals
2016,2016,4911.T,6,1,1,0,1,0,1,0,1,1,Chemicals
2016,2016,5020.T,4,0,1,0,1,0,0,1,1,0,Petroleum
2016,2016,5108.T,5,1,1,0,1,1,0,0,1,0,Rubber
2016,2016,5401.T,4,1,1,0,1,0,0,1,0,0,Steel
2016,2016,5411.T,4,1,1,0,1,1,0,0,0,0,Steel
2016,2016,5713.T,5,0,1,0,1,1,1,1,0,0,Nonferrous metals
2016,2016,5802.T,7,1,1,0,1,1,1,1,1,0,Nonferrous metals
2016,2016,6273.T,6,1,1,0,1,1,1,0,1,0,Machinery
2016,2016,6301.T,5,1,1,0,1,1,1,0,0,0,Machinery
2016,2016,6326.T,5,1,1,0,1,1,0,1,0,0,Machinery
2016,2016,6367.T,6,1,1,1,1,1,0,0,1,0,Machinery
2016,2016,6501.T,5,1,1,0,1,1,0,1,0,0,Electric machinery
2016,2016,6502.T,4,0,0,0,1,1,1,1,0,0,
2016,2016,6503.T,6,1,1,0,1,0,1,1,1,0,Electric machinery
2016,2016,6594.T,5,1,1,1,1,1,0,0,0,0,Electric machinery
2016,2016,6702.T,6,1,1,0,1,1,1,1,0,0,Electric machinery
2016,2016,6752.T,5,1,1,0,1,1,0,0,1,0,Electric machinery
2016,2016,6758.T,6,1,1,1,1,1,0,0,1,0,Electric machinery
2016,2016,6861.T,5,1,1,0,0,0,1,1,1,0,Electric machinery
2016,2016,6902.T,5,1,1,0,1,1,0,1,0,0,Electric machinery
2016,2016,6954.T,4,1,1,0,0,0,1,1,0,0,Electric machinery
2016,2016,6971.T,6,1,1,0,1,1,0,1,1,0,Electric machinery
2016,2016,6981.T,9,1,1,1,1,1,1,1,1,1,Electric machinery
2016,2016,6988.T,7,1,1,0,1,1,1,1,1,0,Chemicals
2016,2016,7011.T,5,1,1,0,1,1,0,0,1,0,Machinery
2016,2016,7201.T,6,1,1,0,1,1,0,1,1,0,Automotive
2016,2016,7202.T,6,1,1,0,1,0,1,1,1,0,Automotive
2016,2016,7203.T,7,1,1,0,1,1,1,1,1,0,Automotive
2016,2016,7261.T,6,1,1,0,1,1,0,1,0,1,Automotive
2016,2016,7267.T,5,1,1,0,1,1,0,1,0,0,Automotive
2016,2016,7269.T,6,1,1,1,1,1,0,1,0,0,Automotive
2016,2016,7270.T,8,1,1,1,1,1,1,1,1,0,Automotive
2016,2016,7741.T,5,1,1,0,1,0,0,1,1,0,Precision instruments
2016,2016,7751.T,4,1,1,0,1,0,0,1,0,0,Electric machinery
2016,2016,7974.T,6,1,1,0,1,1,1,0,1,0,Services
2016,2016,8001.T,6,1,1,0,1,0,1,1,1,0,Trading companies
2016,2016,8002.T,7,1,1,0,1,1,1,1,1,0,Trading companies
2016,2016,8031.T,5,0,1,0,1,1,1,1,0,0,Trading companies
2016,2016,8035.T,7,1,1,1,0,1,0,1,1,1,Electric machinery
2016,2016,8053.T,7,1,1,1,1,1,1,0,0,1,Trading companies
2016,2016,8058.T,5,0,1,0,1,1,0,1,1,0,Trading companies
2016,2016,8113.T,7,1,1,0,1,1,1,1,1,0,Consumer Defensive
2016,2016,8267.T,4,1,1,0,1,0,0,0,0,1,Retail
2016,2016,8801.T,6,1,1,1,0,1,0,1,1,0,Real estate
2016,2016,8802.T,7,1,1,1,1,0,1,1,1,0,Real estate
2016,2016,8830.T,8,1,1,1,1,1,1,1,1,0,Real estate
2016,2016,9020.T,9,1,1,1,1,1,1,1,1,1,Railway/bus
2016,2016,9021.T,8,1,1,1,1,1,0,1,1,1,Railway/bus
2016,2016,9022.T,9,1,1,1,1,1,1,1,1,1,Railway/bus
2016,2016,9064.T,7,1,1,1,1,0,1,1,1,0,Land transport
2016,2016,9201.T,8,1,1,1,1,1,1,1,1,0,Air transport
2016,2016,9202.T,7,1,1,1,1,1,1,0,1,0,Air transport
2016,2016,9432.T,8,1,1,1,1,1,1,1,0,1,Communications
2016,2016,9433.T,7,1,1,1,1,0,1,1,1,0,Communications
2016,2016,9437.T,6,1,1,1,1,0,0,1,0,1,
2016,2016,9502.T,7,1,1,1,1,1,0,1,1,0,Electric power
2016,2016,9503.T,7,1,1,1,1,1,0,1,1,0,Electric power
2016,2016,9735.T,4,1,1,0,1,0,0,1,0,0,Services
2016,2016,9983.T,3,1,1,0,1,0,0,0,0,0,Retail
2016,2016,9984.T,5,1,1,0,1,1,0,1,0,0,Communications
2017,2017,1605.T,8,1,1,1,1,1,1,1,1,0,Mining
2017,2017,1878.T,8,1,1,1,1,1,0,1,1,1,Real Estate
2017,2017,1925.T,8,1,1,1,1,0,1,1,1,1,Construction
2017,2017,1928.T,7,1,1,1,0,0,1,1,1,1,Construction
2017,2017,2502.T,7,1,1,1,1,0,0,1,1,1,Foods
2017,2017,2503.T,7,1,1,1,0,1,1,0,1,1,Foods
2017,2017,2802.T,5,1,1,0,1,0,0,1,1,0,Foods
2017,2017,2914.T,5,1,1,0,1,1,0,0,1,0,Foods
2017,2017,3382.T,4,1,1,0,1,0,0,0,1,0,Retail
2017,2017,3402.T,6,1,1,1,1,1,0,0,1,0,Textiles & apparel
2017,2017,3407.T,7,1,1,1,1,0,1,1,1,0,Chemicals
2017,2017,4063.T,6,1,1,1,1,1,0,0,1,0,Chemicals
2017,2017,4188.T,7,1,1,1,1,0,1,1,1,0,Chemicals
2017,2017,4452.T,7,1,1,1,1,0,1,1,0,1,Chemicals
2017,2017,4502.T,6,1,1,1,1,0,0,1,0,1,Pharmaceuticals
2017,2017,4503.T,7,1,1,1,1,0,1,1,1,0,Pharmaceuticals
2017,2017,4507.T,8,1,1,1,1,1,0,1,1,1,Pharmaceuticals
2017,2017,4523.T,5,1,1,0,1,1,0,0,0,1,Pharmaceuticals
2017,2017,4528.T,7,1,1,1,1,1,0,1,0,1,Healthcare
2017,2017,4568.T,6,1,1,0,1,0,1,1,0,1,Pharmaceuticals
2017,2017,4578.T,7,1,1,1,0,1,1,1,0,1,Pharmaceuticals
2017,2017,4661.T,8,1,1,1,1,1,1,1,1,0,Services
2017,2017,4755.T,6,1,1,1,1,0,0,1,0,1,Services
2017,2017,4901.T,7,1,1,1,1,0,1,1,1,0,Chemicals
2017,2017,4911.T,7,1,1,0,1,1,1,0,1,1,Chemicals
2017,2017,5020.T,8,1,1,1,1,0,1,1,1,1,Petroleum
2017,2017,5108.T,8,1,1,1,1,1,1,1,0,1,Rubber
2017,2017,5401.T,6,1,1,1,1,0,0,1,0,1,Steel
2017,2017,5411.T,8,1,1,1,1,0,1,1,1,1,Steel
2017,2017,5713.T,5,0,1,0,1,0,1,1,1,0,Nonferrous metals
2017,2017,5802.T,7,1,1,1,1,0,0,1,1,1,Nonferrous metals
2017,2017,6273.T,6,1,1,1,1,0,1,0,0,1,Machinery
2017,2017,6301.T,6,1,1,0,1,1,1,0,0,1,Machinery
2017,2017,6326.T,6,1,1,0,1,1,0,1,0,1,Machinery
2017,2017,6367.T,7,1,1,1,1,1,0,0,1,1,Machinery
2017,2017,6501.T,8,1,1,1,1,1,1,1,1,0,Electric machinery
2017,2017,6503.T,6,1,1,0,1,1,0,1,1,0,Electric machinery
2017,2017,6594.T,7,1,1,1,1,0,0,1,1,1,Electric machinery
2017,2017,6702.T,8,1,1,1,1,1,1,1,1,0,Electric machinery
2017,2017,6752.T,6,1,1,0,1,0,1,0,1,1,Electric machinery
2017,2017,6758.T,4,1,1,0,1,0,0,0,1,0,Electric machinery
2017,2017,6861.T,4,1,1,1,0,0,0,1,0,0,Electric machinery
2017,2017,6902.T,7,1,1,1,1,0,1,1,0,1,Electric machinery
2017,2017,6954.T,3,1,1,0,0,0,0,1,0,0,Electric machinery
2017,2017,6971.T,6,1,1,0,1,1,1,0,1,0,Electric machinery
2017,2017,6981.T,4,1,1,0,1,1,0,0,0,0,Electric machinery
2017,2017,6988.T,6,1,1,0,1,1,0,0,1,1,Chemicals
2017,2017,7011.T,6,1,1,1,1,1,1,0,0,0,Machinery
2017,2017,7201.T,6,1,1,1,1,0,1,1,0,0,Automotive
2017,2017,7202.T,6,1,1,0,1,0,1,1,0,1,Automotive
2017,2017,7203.T,4,1,1,0,1,0,0,1,0,0,Automotive
2017,2017,7261.T,5,1,1,0,1,1,0,1,0,0,Automotive
2017,2017,7267.T,6,1,1,1,1,0,1,1,0,0,Automotive
2017,2017,7269.T,7,1,1,1,1,0,1,0,1,1,Automotive
2017,2017,7270.T,5,1,1,0,1,1,0,1,0,0,Automotive
2017,2017,7741.T,8,1,1,1,1,1,0,1,1,1,Precision instruments
2017,2017,7751.T,7,1,1,1,1,1,0,1,0,1,Electric machinery
2017,2017,7974.T,5,1,1,1,0,0,0,1,0,1,Services
2017,2017,8001.T,8,1,1,1,1,1,0,1,1,1,Trading companies
2017,2017,8002.T,7,1,1,1,1,1,0,1,0,1,Trading companies
2017,2017,8031.T,8,1,1,1,1,0,1,1,1,1,Trading companies
2017,2017,8035.T,6,1,1,1,1,0,0,0,1,1,Electric machinery
2017,2017,8053.T,5,1,1,1,1,0,0,0,0,1,Trading companies
2017,2017,8058.T,7,1,1,1,1,1,0,0,1,1,Trading companies
2017,2017,8113.T,7,1,1,1,1,1,1,1,0,0,Consumer Defensive
2017,2017,8267.T,7,1,1,1,1,1,1,0,1,0,Retail
2017,2017,8801.T,8,1,1,1,1,1,1,0,1,1,Real estate
2017,2017,8802.T,6,1,1,1,1,0,1,0,0,1,Real estate
2017,2017,8830.T,8,1,1,1,1,0,1,1,1,1,Real estate
2017,2017,9020.T,7,1,1,1,1,1,1,1,0,0,Railway/bus
2017,2017,9021.T,6,1,1,1,1,0,0,1,1,0,Railway/bus
2017,2017,9022.T,8,1,1,1,1,0,1,1,1,1,Railway/bus
2017,2017,9064.T,6,1,1,0,1,1,0,1,0,1,Land transport
2017,2017,9201.T,5,1,1,0,1,0,1,1,0,0,Air transport
2017,2017,9202.T,6,1,1,1,1,0,1,0,0,1,Air transport
2017,2017,9432.T,7,1,1,1,1,1,0,1,1,0,Communications
2017,2017,9433.T,9,1,1,1,1,1,1,1,1,1,Communications
2017,2017,9437.T,9,1,1,1,1,1,1,1,1,1,
2017,2017,9502.T,6,1,1,0,1,0,1,1,1,0,Electric power
2017,2017,9503.T,6,1,1,1,1,1,0,0,1,0,Electric power
2017,2017,9735.T,6,1,1,0,1,1,1,1,0,0,Services
2017,2017,9983.T,7,1,1,1,1,1,1,0,1,0,Retail
2017,2017,9984.T,8,1,1,1,1,0,1,1,1,1,Communications
2018,2018,1605.T,6,1,1,0,1,1,0,1,0,1,Mining
2018,2018,1878.T,5,1,1,0,0,0,1,1,1,0,Real Estate
2018,2018,1925.T,6,1,1,1,1,0,1,0,1,0,Construction
2018,2018,1928.T,5,1,1,1,1,0,1,0,0,0,Construction
2018,2018,2502.T,6,1,1,0,1,1,0,1,1,0,Foods
2018,2018,2503.T,6,1,1,0,1,1,0,1,0,1,Foods
2018,2018,2802.T,6,1,1,1,1,1,0,1,0,0,Foods
2018,2018,2914.T,4,1,1,0,1,0,1,0,0,0,Foods
2018,2018,3382.T,7,1,1,1,1,1,1,0,0,1,Retail
2018,2018,3402.T,5,1,1,0,1,0,1,0,0,1,Textiles & apparel
2018,2018,3407.T,9,1,1,1,1,1,1,1,1,1,Chemicals
2018,2018,4063.T,6,1,1,1,1,0,0,0,1,1,Chemicals
2018,2018,4188.T,7,1,1,1,1,1,0,0,1,1,Chemicals
2018,2018,4452.T,5,1,1,0,1,1,0,1,0,0,Chemicals
2018,2018,4502.T,6,1,1,1,1,0,1,0,1,0,Pharmaceuticals
2018,2018,4503.T,6,1,1,0,1,1,0,1,1,0,Pharmaceuticals
2018,2018,4507.T,8,1,1,1,1,1,1,1,1,0,Pharmaceuticals
2018,2018,4523.T,8,1,1,1,1,1,1,0,1,1,Pharmaceuticals
2018,2018,4528.T,5,1,1,0,0,1,0,1,1,0,Healthcare
2018,2018,4568.T,7,1,1,1,1,1,0,1,1,0,Pharmaceuticals
2018,2018,4578.T,6,1,1,0,1,1,0,1,0,1,Pharmaceuticals
2018,2018,4661.T,6,1,1,0,1,1,1,1,0,0,Services
2018,2018,4901.T,6,1,1,1,1,1,0,1,0,0,Chemicals
2018,2018,4911.T,8,1,1,1,1,1,0,1,1,1,Chemicals
2018,2018,5020.T,7,1,1,1,1,1,1,0,0,1,Petroleum
2018,2018,5108.T,3,1,1,0,1,0,0,0,0,0,Rubber
2018,2018,5401.T,9,1,1,1,1,1,1,1,1,1,Steel
2018,2018,5411.T,8,1,1,1,1,1,0,1,1,1,Steel
2018,2018,5713.T,7,1,1,1,0,1,0,1,1,1,Nonferrous metals
2018,2018,5802.T,8,1,1,1,1,1,1,1,0,1,Nonferrous metals
2018,2018,6098.T,9,1,1,1,1,1,1,1,1,1,Services
2018,2018,6273.T,7,1,1,1,1,1,0,0,1,1,Machinery
2018,2018,6301.T,5,1,1,1,0,0,0,0,1,1,Machinery
2018,2018,6326.T,5,1,1,0,0,1,1,1,0,0,Machinery
2018,2018,6367.T,7,1,1,1,1,1,1,0,0,1,Machinery
2018,2018,6501.T,8,1,1,1,1,0,1,1,1,1,Electric machinery
2018,2018,6503.T,8,1,1,1,0,1,1,1,1,1,Electric machinery
2018,2018,6594.T,7,1,1,0,1,0,1,1,1,1,Electric machinery
2018,2018,6702.T,7,1,1,1,1,1,1,0,0,1,Electric machinery
2018,2018,6752.T,6,1,1,1,1,1,0,1,0,0,Electric machinery
2018,2018,6758.T,9,1,1,1,1,1,1,1,1,1,Electric machinery
2018,2018,6861.T,6,1,1,1,0,0,0,1,1,1,Electric machinery
2018,2018,6902.T,6,1,1,1,1,0,0,1,0,1,Electric machinery
2018,2018,6954.T,6,1,1,1,0,0,0,1,1,1,Electric machinery
2018,2018,6971.T,6,1,1,0,1,1,0,1,0,1,Electric machinery
2018,2018,6981.T,4,1,1,0,1,0,0,0,0,1,Electric machinery
2018,2018,6988.T,9,1,1,1,1,1,1,1,1,1,Chemicals
2018,2018,7011.T,3,0,1,0,1,0,0,0,0,1,Machinery
2018,2018,7201.T,6,1,1,1,1,0,1,1,0,0,Automotive
2018,2018,7202.T,7,1,1,1,1,1,0,0,1,1,Automotive
2018,2018,7203.T,8,1,1,1,1,1,0,1,1,1,Automotive
2018,2018,7261.T,6,1,1,1,1,0,1,0,0,1,Automotive
2018,2018,7267.T,7,1,1,1,0,1,1,1,0,1,Automotive
2018,2018,7269.T,7,1,1,1,1,1,0,0,1,1,Automotive
2018,2018,7270.T,4,1,1,0,1,1,0,0,0,0,Automotive
2018,2018,7741.T,9,1,1,1,1,1,1,1,1,1,Precision instruments
2018,2018,7751.T,6,1,1,1,1,1,0,1,0,0,Electric machinery
2018,2018,7974.T,6,1,1,1,1,0,0,1,0,1,Services
2018,2018,8001.T,6,1,1,1,0,1,0,1,0,1,Trading companies
2018,2018,8002.T,7,1,1,1,1,1,0,0,1,1,Trading companies
2018,2018,8031.T,7,1,1,1,1,1,0,1,0,1,Trading companies
2018,2018,8035.T,6,1,1,1,0,1,0,0,1,1,Electric machinery
2018,2018,8053.T,6,1,1,1,0,1,1,0,0,1,Trading companies
2018,2018,8058.T,6,1,1,1,1,0,0,0,1,1,Trading companies
2018,2018,8113.T,6,1,1,1,1,1,0,0,0,1,Consumer Defensive
2018,2018,8267.T,7,1,1,1,1,1,1,0,1,0,Retail
2018,2018,8801.T,4,1,1,1,0,0,0,0,1,0,Real estate
2018,2018,8802.T,7,1,1,1,1,1,0,0,1,1,Real estate
2018,2018,8830.T,7,1,1,1,1,1,0,1,1,0,Real estate
2018,2018,9020.T,8,1,1,1,1,1,0,1,1,1,Railway/bus
2018,2018,9021.T,7,1,1,1,1,1,1,0,1,0,Railway/bus
2018,2018,9022.T,6,1,1,0,1,0,1,1,1,0,Railway/bus
2018,2018,9064.T,7,1,1,0,1,1,0,1,1,1,Land transport
2018,2018,9201.T,5,1,1,0,1,0,0,1,1,0,Air transport
2018,2018,9202.T,6,1,1,1,1,0,0,1,0,1,Air transport
2018,2018,9432.T,7,1,1,1,1,1,0,1,0,1,Communications
2018,2018,9433.T,6,1,1,0,1,1,0,1,1,0,Communications
2018,2018,9437.T,8,1,1,1,1,1,0,1,1,1,
2018,2018,9502.T,6,1,1,0,1,1,0,1,0,1,Electric power
2018,2018,9503.T,7,1,1,1,1,0,0,1,1,1,Electric power
2018,2018,9735.T,6,1,1,0,1,1,1,1,0,0,Services
2018,2018,9843.T,6,1,1,1,1,0,0,0,1,1,Retail
2018,2018,9983.T,6,1,1,1,1,0,0,0,1,1,Retail
2018,2018,9984.T,5,1,1,0,1,1,0,0,1,0,Communications
2019,2019,1605.T,7,1,1,1,1,0,0,1,1,1,Mining
2019,2019,1878.T,4,1,1,0,0,1,0,1,0,0,Real Estate
2019,2019,1925.T,5,1,1,0,1,1,0,1,0,0,Construction
2019,2019,1928.T,4,1,1,0,0,1,0,1,0,0,Construction
2019,2019,2502.T,7,1,1,1,1,1,0,1,0,1,Foods
2019,2019,2503.T,6,1,1,0,1,0,0,1,1,1,Foods
2019,2019,2802.T,6,1,1,0,1,1,0,1,1,0,Foods
2019,2019,2914.T,6,1,1,0,1,1,1,1,0,0,Foods
2019,2019,3382.T,5,1,1,1,1,0,0,0,0,1,Retail
2019,2019,3402.T,5,1,1,0,1,0,1,0,0,1,Textiles & apparel
2019,2019,3407.T,5,1,1,0,1,0,0,1,0,1,Chemicals
2019,2019,4063.T,8,1,1,1,1,1,0,1,1,1,Chemicals
2019,2019,4188.T,5,1,1,0,1,1,0,1,0,0,Chemicals
2019,2019,4452.T,6,1,1,0,1,0,1,1,1,0,Chemicals
2019,2019,4502.T,4,1,1,0,1,0,0,0,0,1,Pharmaceuticals
2019,2019,4503.T,7,1,1,1,1,1,0,1,1,0,Pharmaceuticals
2019,2019,4507.T,8,1,1,1,1,1,0,1,1,1,Pharmaceuticals
2019,2019,4523.T,7,1,1,1,1,1,0,0,1,1,Pharmaceuticals
2019,2019,4528.T,6,1,1,1,1,0,0,1,0,1,Healthcare
2019,2019,4543.T,7,1,1,0,1,1,1,0,1,1,Precision instruments
2019,2019,4568.T,5,1,1,1,0,1,1,0,0,0,Pharmaceuticals
2019,2019,4578.T,7,1,1,1,1,0,1,0,1,1,Pharmaceuticals
2019,2019,4661.T,6,1,1,1,1,0,0,0,1,1,Services
2019,2019,4901.T,6,1,1,0,1,0,0,1,1,1,Chemicals
2019,2019,4911.T,4,1,1,1,1,0,0,0,0,0,Chemicals
2019,2019,5020.T,6,1,1,0,1,1,1,1,0,0,Petroleum
2019,2019,5108.T,6,1,1,1,1,0,1,1,0,0,Rubber
2019,2019,5401.T,6,1,1,1,1,0,1,0,0,1,Steel
2019,2019,5713.T,5,1,1,0,1,1,0,1,0,0,Nonferrous metals
2019,2019,5802.T,4,1,1,0,1,1,0,0,0,0,Nonferrous metals
2019,2019,6098.T,6,1,1,1,1,1,0,0,1,0,Services
2019,2019,6273.T,4,1,1,0,0,0,1,1,0,0,Machinery
2019,2019,6301.T,6,1,1,1,0,1,1,0,1,0,Machinery
2019,2019,6326.T,6,1,1,1,0,0,0,1,1,1,Machinery
2019,2019,6367.T,6,1,1,0,1,1,0,0,1,1,Machinery
2019,2019,6501.T,5,1,1,0,1,1,1,0,0,0,Electric machinery
2019,2019,6503.T,5,1,1,0,1,0,1,1,0,0,Electric machinery
2019,2019,6594.T,5,1,1,0,1,1,0,1,0,0,Electric machinery
2019,2019,6702.T,5,1,1,0,0,1,1,1,0,0,Electric machinery
2019,2019,6752.T,4,1,1,1,0,1,0,0,0,0,Electric machinery
2019,2019,6758.T,7,1,1,1,1,1,0,1,1,0,Electric machinery
2019,2019,6861.T,5,1,1,0,0,0,1,1,1,0,Electric machinery
2019,2019,6869.T,7,1,1,1,1,1,1,0,0,1,Healthcare
2019,2019,6902.T,5,1,1,0,1,0,1,1,0,0,Electric machinery
2019,2019,6954.T,5,1,1,0,1,0,1,1,0,0,Electric machinery
2019,2019,6971.T,9,1,1,1,1,1,1,1,1,1,Electric machinery
2019,2019,6981.T,7,1,1,1,1,0,1,0,1,1,Electric machinery
2019,2019,7011.T,7,1,1,1,1,0,0,1,1,1,Machinery
2019,2019,7201.T,4,1,1,0,1,1,0,0,0,0,Automotive
2019,2019,7202.T,6,1,1,0,1,0,1,1,1,0,Automotive
2019,2019,7203.T,5,1,1,0,1,0,1,1,0,0,Automotive
2019,2019,7267.T,5,1,1,0,1,0,0,1,0,1,Automotive
2019,2019,7269.T,4,1,1,0,1,1,0,0,0,0,Automotive
2019,2019,7270.T,4,1,1,0,1,0,1,0,0,0,Automotive
2019,2019,7741.T,7,1,1,1,1,0,1,0,1,1,Precision instruments
2019,2019,7751.T,4,1,1,0,1,0,0,1,0,0,Electric machinery
2019,2019,7974.T,7,1,1,1,0,0,1,1,1,1,Services
2019,2019,8001.T,7,1,1,1,0,1,1,1,0,1,Trading companies
2019,2019,8002.T,8,1,1,1,1,1,1,1,1,0,Trading companies
2019,2019,8031.T,4,1,1,1,0,0,0,0,0,1,Trading companies
2019,2019,8035.T,5,1,1,0,0,1,1,1,0,0,Electric machinery
2019,2019,8053.T,5,1,1,1,0,1,0,0,0,1,Trading companies
2019,2019,8058.T,6,1,1,1,1,1,0,0,0,1,Trading companies
2019,2019,8113.T,5,1,1,0,1,0,1,1,0,0,Consumer Defensive
2019,2019,8267.T,5,1,1,0,1,1,0,0,1,0,Retail
2019,2019,8801.T,6,1,1,0,1,0,1,1,1,0,Real estate
2019,2019,8802.T,7,1,1,1,1,1,0,0,1,1,Real estate
2019,2019,8830.T,7,1,1,1,1,1,0,1,0,1,Real estate
2019,2019,9020.T,7,1,1,0,1,1,1,1,1,0,Railway/bus
2019,2019,9021.T,5,1,1,0,1,0,0,1,1,0,Railway/bus
2019,2019,9022.T,5,1,1,0,1,1,0,0,1,0,Railway/bus
2019,2019,9201.T,6,1,1,1,1,0,0,1,0,1,Air transport
2019,2019,9202.T,5,1,1,0,1,1,0,1,0,0,Air transport
2019,2019,9432.T,5,1,1,0,1,1,0,1,0,0,Communications
2019,2019,9433.T,6,1,1,1,1,0,1,1,0,0,Communications
2019,2019,9502.T,7,1,1,1,1,1,0,1,0,1,Electric power
2019,2019,9503.T,6,1,1,0,1,0,1,1,0,1,Electric power
2019,2019,9735.T,7,1,1,1,1,1,1,0,0,1,Services
2019,2019,9843.T,5,1,1,0,1,1,1,0,0,0,Retail
2019,2019,9983.T,5,1,1,0,1,1,1,0,0,0,Retail
2019,2019,9984.T,6,1,1,1,0,1,0,1,1,0,Communications
2020,2020,1925.T,3,1,1,0,0,0,1,0,0,0,Construction
2020,2020,1928.T,7,1,1,1,1,0,1,1,0,1,Construction
2020,2020,2502.T,3,1,1,0,1,0,0,0,0,0,Foods
2020,2020,2503.T,6,1,1,1,1,0,1,1,0,0,Foods
2020,2020,2802.T,5,1,1,0,1,0,0,0,1,1,Foods
2020,2020,2914.T,5,1,1,0,1,0,1,0,1,0,Foods
2020,2020,3382.T,7,1,1,1,1,1,0,1,1,0,Retail
2020,2020,3402.T,5,1,1,0,1,1,0,0,1,0,Textiles & apparel
2020,2020,3407.T,4,1,1,0,1,0,0,1,0,0,Chemicals
2020,2020,4063.T,6,1,1,0,1,0,1,1,1,0,Chemicals
2020,2020,4188.T,4,1,1,0,1,0,1,0,0,0,Chemicals
2020,2020,4452.T,5,1,1,0,1,1,1,0,0,0,Chemicals
2020,2020,4502.T,4,1,1,0,1,1,0,0,0,0,Pharmaceuticals
2020,2020,4503.T,5,1,1,0,1,0,0,1,1,0,Pharmaceuticals
2020,2020,4507.T,6,1,1,0,1,1,1,1,0,0,Pharmaceuticals
2020,2020,4519.T,6,1,1,1,0,1,0,0,1,1,Pharmaceuticals
2020,2020,4523.T,6,1,1,1,0,0,1,0,1,1,Pharmaceuticals
2020,2020,4528.T,7,1,1,1,1,0,1,1,1,0,Healthcare
2020,2020,4543.T,7,1,1,1,1,1,0,0,1,1,Precision instruments
2020,2020,4568.T,7,1,1,1,1,1,1,0,1,0,Pharmaceuticals
2020,2020,4578.T,7,1,1,1,1,1,1,0,1,0,Pharmaceuticals
2020,2020,4661.T,6,1,1,0,1,1,1,1,0,0,Services
2020,2020,4901.T,5,1,1,0,1,0,0,1,1,0,Chemicals
2020,2020,4911.T,3,0,1,0,1,0,1,0,0,0,Chemicals
2020,2020,5020.T,3,0,1,0,1,0,0,1,0,0,Petroleum
2020,2020,5108.T,3,0,1,0,1,0,0,0,1,0,Rubber
2020,2020,5401.T,3,0,1,0,1,0,1,0,0,0,Steel
2020,2020,5713.T,5,1,1,0,1,0,1,1,0,0,Nonferrous metals
2020,2020,5802.T,4,1,1,0,1,0,1,0,0,0,Nonferrous metals
2020,2020,6098.T,5,1,1,0,1,0,0,1,1,0,Services
2020,2020,6273.T,5,1,1,0,1,0,1,1,0,0,Machinery
2020,2020,6301.T,4,1,1,0,1,1,0,0,0,0,Machinery
2020,2020,6326.T,5,1,1,0,1,1,0,1,0,0,Machinery
2020,2020,6367.T,4,1,1,0,1,0,1,0,0,0,Machinery
2020,2020,6501.T,5,1,1,0,1,0,1,0,1,0,Electric machinery
2020,2020,6503.T,4,1,1,0,1,0,1,0,0,0,Electric machinery
2020,2020,6594.T,4,1,1,0,1,0,0,1,0,0,Electric machinery
2020,2020,6702.T,6,1,1,1,1,0,0,1,1,0,Electric machinery
2020,2020,6752.T,5,1,1,0,1,0,1,0,1,0,Electric machinery
2020,2020,6758.T,6,1,1,0,1,0,1,1,1,0,Electric machinery
2020,2020,6861.T,5,1,1,0,1,0,1,1,0,0,Electric machinery
2020,2020,6869.T,3,1,1,0,1,0,0,0,0,0,Healthcare
2020,2020,6902.T,5,1,1,0,1,1,0,1,0,0,Electric machinery
2020,2020,6954.T,5,1,1,0,1,0,1,1,0,0,Electric machinery
2020,2020,6971.T,5,1,1,1,1,0,0,0,0,1,Electric machinery
2020,2020,6981.T,4,1,1,0,1,0,1,0,0,0,Electric machinery
2020,2020,7011.T,4,1,1,0,1,1,0,0,0,0,Machinery
2020,2020,7201.T,4,0,1,0,1,1,0,1,0,0,Automotive
2020,2020,7203.T,7,1,1,1,1,0,1,1,1,0,Automotive
2020,2020,7267.T,5,1,1,0,1,0,1,1,0,0,Automotive
2020,2020,7269.T,5,1,1,0,1,1,1,0,0,0,Automotive
2020,2020,7270.T,4,1,1,0,1,0,1,0,0,0,Automotive
2020,2020,7733.T,5,1,1,1,1,0,0,1,0,0,Precision instruments
2020,2020,7741.T,4,1,1,0,1,0,0,1,0,0,Precision instruments
2020,2020,7751.T,5,1,1,0,1,1,0,1,0,0,Electric machinery
2020,2020,7832.T,5,1,1,0,0,0,1,1,1,0,Other manufacturing
2020,2020,7974.T,7,1,1,1,1,0,0,1,1,1,Services
2020,2020,8001.T,5,1,1,0,1,0,0,1,1,0,Trading companies
2020,2020,8002.T,3,0,1,0,1,0,0,0,1,0,Trading companies
2020,2020,8031.T,6,1,1,0,1,0,1,1,0,1,Trading companies
2020,2020,8035.T,4,1,1,0,1,0,0,1,0,0,Electric machinery
2020,2020,8053.T,3,1,1,0,1,0,0,0,0,0,Trading companies
2020,2020,8058.T,4,1,1,0,1,0,0,1,0,0,Trading companies
2020,2020,8113.T,7,1,1,1,1,1,1,0,1,0,Consumer Defensive
2020,2020,8267.T,6,1,1,1,1,0,1,0,1,0,Retail
2020,2020,8801.T,6,1,1,1,0,0,1,1,1,0,Real estate
2020,2020,8802.T,8,1,1,1,1,0,1,1,1,1,Real estate
2020,2020,8830.T,7,1,1,1,1,0,0,1,1,1,Real estate
2020,2020,9020.T,5,1,1,0,1,1,0,1,0,0,Railway/bus
2020,2020,9021.T,5,1,1,0,1,1,0,1,0,0,Railway/bus
2020,2020,9022.T,4,1,1,0,1,1,0,0,0,0,Railway/bus
2020,2020,9202.T,5,1,1,0,1,0,1,1,0,0,Air transport
2020,2020,9432.T,5,1,1,0,1,1,0,1,0,0,Communications
2020,2020,9433.T,5,1,1,0,1,0,0,1,1,0,Communications
2020,2020,9434.T,7,1,1,1,1,0,0,1,1,1,Communications
2020,2020,9502.T,6,1,1,1,1,1,0,1,0,0,Electric power
2020,2020,9503.T,7,1,1,1,1,0,1,1,1,0,Electric power
2020,2020,9735.T,7,1,1,0,1,1,1,0,1,1,Services
2020,2020,9843.T,5,1,1,0,1,0,1,0,1,0,Retail
2020,2020,9983.T,3,1,1,0,1,0,0,0,0,0,Retail
2020,2020,9984.T,6,0,1,0,1,1,1,1,1,0,Communications
2021,2021,1925.T,6,1,1,0,1,0,1,1,1,0,Construction
2021,2021,1928.T,5,1,1,0,1,1,0,1,0,0,Construction
2021,2021,2413.T,7,1,1,1,1,0,1,0,1,1,Services
2021,2021,2502.T,6,1,1,1,1,0,1,0,1,0,Foods
2021,2021,2503.T,6,1,1,0,1,0,1,1,1,0,Foods
2021,2021,2802.T,7,1,1,1,1,0,1,0,1,1,Foods
2021,2021,2914.T,8,1,1,1,1,1,1,0,1,1,Foods
2021,2021,3382.T,5,1,1,0,1,0,1,0,1,0,Retail
2021,2021,3402.T,5,1,1,0,1,1,1,0,0,0,Textiles & apparel
2021,2021,3407.T,5,1,1,0,1,0,1,0,1,0,Chemicals
2021,2021,4063.T,7,1,1,0,1,1,1,1,1,0,Chemicals
2021,2021,4188.T,4,0,1,0,1,0,1,0,1,0,Chemicals
2021,2021,4452.T,6,1,1,0,1,0,1,1,0,1,Chemicals
2021,2021,4502.T,7,1,1,1,1,0,1,0,1,1,Pharmaceuticals
2021,2021,4503.T,6,1,1,0,1,0,1,1,1,0,Pharmaceuticals
2021,2021,4507.T,4,1,1,0,0,1,0,1,0,0,Pharmaceuticals
2021,2021,4519.T,5,1,1,1,0,0,0,0,1,1,Pharmaceuticals
2021,2021,4523.T,5,1,1,0,1,1,0,0,1,0,Pharmaceuticals
2021,2021,4528.T,5,1,1,1,0,0,1,0,0,1,Healthcare
2021,2021,4543.T,4,1,1,0,1,0,1,0,0,0,Precision instruments
2021,2021,4568.T,5,1,1,0,1,1,0,1,0,0,Pharmaceuticals
2021,2021,4578.T,5,1,1,0,1,1,0,0,0,1,Pharmaceuticals
2021,2021,4661.T,1,0,0,0,1,0,0,0,0,0,Services
2021,2021,4689.T,6,1,1,0,1,0,1,0,1,1,Services
2021,2021,4901.T,5,1,1,1,1,1,0,0,0,0,Chemicals
2021,2021,4911.T,6,1,1,1,1,1,0,0,0,1,Chemicals
2021,2021,5020.T,7,1,1,1,1,0,1,1,1,0,Petroleum
2021,2021,5108.T,7,1,1,1,0,1,1,0,1,1,Rubber
2021,2021,5401.T,5,0,1,1,1,0,1,0,1,0,Steel
2021,2021,5713.T,7,1,1,1,0,1,0,1,1,1,Nonferrous metals
2021,2021,5802.T,5,1,1,0,1,0,0,1,1,0,Nonferrous metals
2021,2021,6098.T,5,1,1,0,1,1,0,1,0,0,Services
2021,2021,6273.T,5,1,1,1,0,0,0,1,0,1,Machinery
2021,2021,6301.T,5,1,1,0,1,0,1,1,0,0,Machinery
2021,2021,6326.T,5,1,1,1,0,0,0,1,0,1,Machinery
2021,2021,6367.T,4,1,1,0,1,0,1,0,0,0,Machinery
2021,2021,6501.T,4,1,1,1,1,0,0,0,0,0,Electric machinery
2021,2021,6503.T,5,1,1,0,1,1,1,0,0,0,Electric machinery
2021,2021,6594.T,7,1,1,1,1,0,1,1,1,0,Electric machinery
2021,2021,6702.T,8,1,1,1,1,1,1,1,1,0,Electric machinery
2021,2021,6752.T,6,1,1,0,1,1,1,0,1,0,Electric machinery
2021,2021,6758.T,5,1,1,1,1,1,0,0,0,0,Electric machinery
2021,2021,6861.T,4,1,1,0,0,0,0,1,1,0,Electric machinery
2021,2021,6869.T,5,1,1,0,1,1,1,0,0,0,Healthcare
2021,2021,6902.T,6,1,1,1,1,0,1,1,0,0,Electric machinery
2021,2021,6954.T,7,1,1,1,1,0,0,1,1,1,Electric machinery
2021,2021,6971.T,3,1,1,0,1,0,0,0,0,0,Electric machinery
2021,2021,6981.T,7,1,1,1,1,1,1,0,1,0,Electric machinery
2021,2021,7011.T,2,1,0,0,0,0,1,0,0,0,Machinery
2021,2021,7201.T,4,0,1,1,1,0,1,0,0,0,Automotive
2021,2021,7203.T,5,1,1,1,1,0,1,0,0,0,Automotive
2021,2021,7267.T,6,1,1,1,1,0,1,0,1,0,Automotive
2021,2021,7269.T,6,1,1,1,1,1,1,0,0,0,Automotive
2021,2021,7270.T,4,1,1,0,1,0,1,0,0,0,Automotive
2021,2021,7309.T,6,1,1,1,0,0,0,1,1,1,Consumer Cyclical
2021,2021,7733.T,4,1,1,0,1,0,1,0,0,0,Precision instruments
2021,2021,7741.T,8,1,1,1,1,1,1,1,1,0,Precision instruments
2021,2021,7751.T,8,1,1,1,1,0,1,1,1,1,Electric machinery
2021,2021,7832.T,6,1,1,0,1,0,0,1,1,1,Other manufacturing
2021,2021,7974.T,7,1,1,1,1,0,0,1,1,1,Services
2021,2021,8001.T,6,1,1,0,1,1,0,1,1,0,Trading companies
2021,2021,8002.T,6,1,1,1,1,0,1,0,1,0,Trading companies
2021,2021,8031.T,6,1,1,0,1,0,1,1,1,0,Trading companies
2021,2021,8035.T,6,1,1,1,0,0,1,0,1,1,Electric machinery
2021,2021,8053.T,4,0,1,0,1,1,1,0,0,0,Trading companies
2021,2021,8058.T,7,1,1,0,1,1,1,1,1,0,Trading companies
2021,2021,8113.T,7,1,1,1,1,1,0,1,0,1,Consumer Defensive
2021,2021,8267.T,4,0,1,0,1,1,1,0,0,0,Retail
2021,2021,8801.T,6,1,1,0,1,1,1,1,0,0,Real estate
2021,2021,8802.T,5,1,1,0,1,0,1,0,1,0,Real estate
2021,2021,8830.T,5,1,1,0,1,1,0,1,0,0,Real estate
2021,2021,9020.T,2,0,0,0,1,0,0,1,0,0,Railway/bus
2021,2021,9021.T,2,0,0,0,1,0,1,0,0,0,Railway/bus
2021,2021,9022.T,2,0,0,0,1,1,0,0,0,0,Railway/bus
2021,2021,9202.T,2,0,0,0,1,0,1,0,0,0,Air transport
2021,2021,9432.T,6,1,1,1,1,0,0,1,1,0,Communications
2021,2021,9433.T,7,1,1,0,1,1,1,1,1,0,Communications
2021,2021,9434.T,7,1,1,0,1,1,1,1,1,0,Communications
2021,2021,9735.T,5,1,1,0,1,0,1,0,1,0,Services
2021,2021,9843.T,7,1,1,1,1,1,0,0,1,1,Retail
2021,2021,9983.T,7,1,1,1,1,1,1,0,1,0,Retail
2021,2021,9984.T,6,1,1,1,0,0,0,1,1,1,Communications
2022,2022,1925.T,5,1,1,1,1,0,1,0,0,0,Construction
2022,2022,1928.T,8,1,1,1,0,1,1,1,1,1,Construction
2022,2022,2413.T,5,1,1,1,0,1,1,0,0,0,Services
2022,2022,2502.T,7,1,1,0,1,1,1,1,0,1,Foods
2022,2022,2503.T,9,1,1,1,1,1,1,1,1,1,Foods
2022,2022,2802.T,8,1,1,1,1,1,1,1,0,1,Foods
2022,2022,2914.T,8,1,1,1,1,1,1,0,1,1,Foods
2022,2022,3382.T,5,1,1,1,1,0,0,0,0,1,Retail
2022,2022,3402.T,7,1,1,1,1,1,1,0,0,1,Textiles & apparel
2022,2022,3407.T,7,1,1,1,1,1,0,1,0,1,Chemicals
2022,2022,4063.T,8,1,1,1,1,1,0,1,1,1,Chemicals
2022,2022,4188.T,7,1,1,1,1,1,1,0,0,1,Chemicals
2022,2022,4452.T,6,1,1,0,1,1,0,1,0,1,Chemicals
2022,2022,4502.T,7,1,1,0,1,1,0,1,1,1,Pharmaceuticals
2022,2022,4503.T,8,1,1,1,1,1,0,1,1,1,Pharmaceuticals
2022,2022,4507.T,4,1,1,0,0,1,0,0,1,0,Pharmaceuticals
2022,2022,4519.T,4,1,1,0,0,1,0,0,0,1,Pharmaceuticals
2022,2022,4523.T,7,1,1,1,1,0,1,0,1,1,Pharmaceuticals
2022,2022,4528.T,7,1,1,0,0,1,1,1,1,1,Healthcare
2022,2022,4543.T,7,1,1,1,1,1,1,0,0,1,Precision instruments
2022,2022,4568.T,6,1,1,0,1,1,0,0,1,1,Pharmaceuticals
2022,2022,4578.T,6,1,1,0,1,1,0,0,1,1,Pharmaceuticals
2022,2022,4661.T,7,1,1,1,1,0,1,0,1,1,Services
2022,2022,4689.T,6,1,1,0,1,1,0,1,1,0,Services
2022,2022,4901.T,7,1,1,1,1,1,0,0,1,1,Chemicals
2022,2022,4911.T,5,1,1,0,1,1,1,0,0,0,Chemicals
2022,2022,5020.T,6,1,1,1,0,0,1,0,1,1,Petroleum
2022,2022,5108.T,6,1,1,0,0,1,1,1,0,1,Rubber
2022,2022,5401.T,7,1,1,1,0,1,1,0,1,1,Steel
2022,2022,5713.T,8,1,1,1,0,1,1,1,1,1,Nonferrous metals
2022,2022,5802.T,6,1,1,1,0,1,0,1,0,1,Nonferrous metals
2022,2022,6098.T,9,1,1,1,1,1,1,1,1,1,Services
2022,2022,6273.T,7,1,1,1,0,1,0,1,1,1,Machinery
2022,2022,6301.T,7,1,1,1,1,1,0,0,1,1,Machinery
2022,2022,6326.T,4,1,0,0,0,0,1,1,0,1,Machinery
2022,2022,6367.T,6,1,1,1,1,1,0,0,0,1,Machinery
2022,2022,6501.T,4,1,1,0,1,1,0,0,0,0,Electric machinery
2022,2022,6502.T,7,1,1,1,1,1,0,1,0,1,
2022,2022,6503.T,6,1,1,0,1,1,0,1,1,0,Electric machinery
2022,2022,6594.T,6,1,1,1,0,1,0,1,0,1,Electric machinery
2022,2022,6645.T,7,1,1,1,1,1,0,1,0,1,Electric machinery
2022,2022,6702.T,7,1,1,0,1,1,1,1,1,0,Electric machinery
2022,2022,6752.T,4,1,1,1,0,0,0,0,0,1,Electric machinery
2022,2022,6758.T,5,1,1,0,1,0,0,1,1,0,Electric machinery
2022,2022,6861.T,6,1,1,1,0,0,0,1,1,1,Electric machinery
2022,2022,6869.T,8,1,1,1,1,1,1,0,1,1,Healthcare
2022,2022,6902.T,7,1,1,1,1,1,0,1,1,0,Electric machinery
2022,2022,6920.T,5,1,0,1,0,1,0,0,1,1,Electric machinery
2022,2022,6954.T,6,1,1,1,0,1,0,0,1,1,Electric machinery
2022,2022,6971.T,8,1,1,1,1,1,0,1,1,1,Electric machinery
2022,2022,6981.T,8,1,1,1,1,1,1,0,1,1,Electric machinery
2022,2022,7011.T,8,1,1,1,1,0,1,1,1,1,Machinery
2022,2022,7201.T,8,1,1,1,1,1,1,0,1,1,Automotive
2022,2022,7203.T,7,1,1,1,1,0,1,1,1,0,Automotive
2022,2022,7267.T,8,1,1,1,1,1,1,1,0,1,Automotive
2022,2022,7269.T,4,1,1,0,1,0,1,0,0,0,Automotive
2022,2022,7270.T,6,1,1,0,1,1,1,0,1,0,Automotive
2022,2022,7309.T,5,1,1,0,0,1,1,1,0,0,Consumer Cyclical
2022,2022,7733.T,8,1,1,1,1,1,1,1,1,0,Precision instruments
2022,2022,7741.T,8,1,1,1,1,1,1,1,0,1,Precision instruments
2022,2022,7751.T,7,1,1,1,1,1,0,1,0,1,Electric machinery
2022,2022,7832.T,7,1,1,1,1,1,0,0,1,1,Other manufacturing
2022,2022,7974.T,6,1,1,0,0,1,1,1,1,0,Services
2022,2022,8001.T,7,1,1,1,0,1,1,1,0,1,Trading companies
2022,2022,8002.T,6,1,1,1,0,1,0,1,0,1,Trading companies
2022,2022,8031.T,6,1,1,1,0,1,0,1,0,1,Trading companies
2022,2022,8035.T,6,1,1,1,0,1,0,0,1,1,Electric machinery
2022,2022,8053.T,6,1,1,1,0,1,0,0,1,1,Trading companies
2022,2022,8058.T,6,1,1,1,1,1,0,0,0,1,Trading companies
2022,2022,8113.T,6,1,1,0,1,0,1,1,0,1,Consumer Defensive
2022,2022,8267.T,6,1,1,1,1,1,0,0,1,0,Retail
2022,2022,8801.T,7,1,1,1,1,1,0,1,1,0,Real estate
2022,2022,8802.T,8,1,1,1,1,0,1,1,1,1,Real estate
2022,2022,8830.T,7,1,1,0,1,1,1,1,1,0,Real estate
2022,2022,9020.T,7,0,1,1,1,0,1,1,1,1,Railway/bus
2022,2022,9021.T,5,0,0,1,1,0,1,0,1,1,Railway/bus
2022,2022,9022.T,5,0,1,1,1,0,0,0,1,1,Railway/bus
2022,2022,9202.T,6,0,0,1,1,1,0,1,1,1,Air transport
2022,2022,9432.T,8,1,1,1,1,0,1,1,1,1,Communications
2022,2022,9433.T,6,1,1,0,1,1,0,1,1,0,Communications
2022,2022,9434.T,6,1,1,0,1,1,1,0,1,0,Communications
2022,2022,9735.T,7,1,1,1,1,0,1,1,1,0,Services
2022,2022,9843.T,3,1,1,0,0,0,1,0,0,0,Retail
2022,2022,9983.T,7,1,1,1,1,1,0,0,1,1,Retail
2022,2022,9984.T,4,0,1,0,1,0,0,1,1,0,Communications
2023,2023,1925.T,5,1,1,1,0,0,1,0,0,1,Construction
2023,2023,1928.T,6,1,1,1,0,1,0,1,0,1,Construction
2023,2023,2413.T,3,1,1,0,1,0,0,0,0,0,Services
2023,2023,2502.T,7,1,1,1,1,1,1,0,0,1,Foods
2023,2023,2503.T,5,1,1,0,1,0,1,0,0,1,Foods
2023,2023,2802.T,8,1,1,1,1,1,1,1,0,1,Foods
2023,2023,2914.T,4,1,1,0,1,1,0,0,0,0,Foods
2023,2023,3382.T,6,1,1,1,1,1,0,0,0,1,Retail
2023,2023,3407.T,4,0,1,0,1,0,1,1,0,0,Chemicals
2023,2023,4063.T,8,1,1,1,1,0,1,1,1,1,Chemicals
2023,2023,4188.T,5,1,1,0,1,1,0,0,0,1,Chemicals
2023,2023,4452.T,5,1,1,0,1,0,1,0,1,0,Chemicals
2023,2023,4502.T,7,1,1,1,1,1,0,0,1,1,Pharmaceuticals
2023,2023,4503.T,7,1,1,0,1,0,1,1,1,1,Pharmaceuticals
2023,2023,4507.T,6,1,1,1,0,0,0,1,1,1,Pharmaceuticals
2023,2023,4519.T,6,1,1,0,1,1,1,0,1,0,Pharmaceuticals
2023,2023,4523.T,4,1,0,1,0,1,1,0,0,0,Pharmaceuticals
2023,2023,4543.T,6,1,1,0,1,1,0,1,0,1,Precision instruments
2023,2023,4568.T,7,1,1,1,1,1,0,0,1,1,Pharmaceuticals
2023,2023,4578.T,6,1,1,0,1,1,0,0,1,1,Pharmaceuticals
2023,2023,4661.T,7,1,1,1,1,1,0,0,1,1,Services
2023,2023,4689.T,5,1,1,1,0,0,0,0,1,1,Services
2023,2023,4901.T,5,1,1,0,0,1,1,0,0,1,Chemicals
2023,2023,4911.T,5,1,1,0,1,1,0,0,1,0,Chemicals
2023,2023,5020.T,5,1,0,0,0,1,1,1,0,1,Petroleum
2023,2023,5108.T,5,1,1,1,1,1,0,0,0,0,Rubber
2023,2023,5401.T,6,1,1,0,0,1,1,1,0,1,Steel
2023,2023,5802.T,7,1,1,1,1,1,0,1,0,1,Nonferrous metals
2023,2023,6098.T,8,1,1,0,1,1,1,1,1,1,Services
2023,2023,6273.T,6,1,1,1,0,1,0,1,1,0,Machinery
2023,2023,6301.T,6,1,1,1,0,0,1,0,1,1,Machinery
2023,2023,6326.T,5,1,0,1,0,0,1,1,1,0,Machinery
2023,2023,6367.T,5,1,1,1,0,0,1,0,0,1,Machinery
2023,2023,6501.T,6,1,1,0,1,1,1,1,0,0,Electric machinery
2023,2023,6503.T,5,1,1,0,0,0,1,1,0,1,Electric machinery
2023,2023,6645.T,6,1,1,1,0,0,1,1,0,1,Electric machinery
2023,2023,6702.T,7,1,1,1,1,1,1,1,0,0,Electric machinery
2023,2023,6723.T,6,1,1,1,1,1,0,1,0,0,Electric machinery
2023,2023,6752.T,5,1,1,0,1,1,1,0,0,0,Electric machinery
2023,2023,6758.T,5,1,1,1,0,0,0,1,1,0,Electric machinery
2023,2023,6861.T,5,1,1,1,0,0,0,1,0,1,Electric machinery
2023,2023,6869.T,5,1,1,0,1,1,0,0,1,0,Healthcare
2023,2023,6902.T,7,1,1,1,1,1,0,1,0,1,Electric machinery
2023,2023,6920.T,5,1,1,1,0,0,0,0,1,1,Electric machinery
2023,2023,6954.T,6,1,1,1,0,0,1,1,0,1,Electric machinery
2023,2023,6971.T,4,1,1,0,1,0,1,0,0,0,Electric machinery
2023,2023,6981.T,6,1,1,0,1,1,1,1,0,0,Electric machinery
2023,2023,7011.T,7,1,1,1,0,1,1,0,1,1,Machinery
2023,2023,7201.T,8,1,1,1,1,1,1,0,1,1,Automotive
2023,2023,7203.T,6,1,1,0,1,0,1,1,0,1,Automotive
2023,2023,7267.T,6,1,1,0,1,1,0,1,0,1,Automotive
2023,2023,7269.T,7,1,1,1,1,1,0,0,1,1,Automotive
2023,2023,7270.T,8,1,1,1,1,1,1,0,1,1,Automotive
2023,2023,7309.T,6,1,1,0,1,1,1,1,0,0,Consumer Cyclical
2023,2023,7733.T,7,1,1,1,0,1,0,1,1,1,Precision instruments
2023,2023,7741.T,5,1,1,0,1,0,0,1,1,0,Precision instruments
2023,2023,7751.T,6,1,1,1,1,0,0,1,1,0,Electric machinery
2023,2023,7832.T,5,1,1,0,1,1,1,0,0,0,Other manufacturing
2023,2023,7974.T,5,1,1,0,0,1,1,1,0,0,Services
2023,2023,8001.T,6,1,1,0,1,1,0,1,0,1,Trading companies
2023,2023,8002.T,8,1,1,1,1,1,1,1,1,0,Trading companies
2023,2023,8031.T,8,1,1,1,0,1,1,1,1,1,Trading companies
2023,2023,8035.T,2,1,1,0,0,0,0,0,0,0,Electric machinery
2023,2023,8053.T,7,1,1,1,0,1,1,1,0,1,Trading companies
2023,2023,8058.T,8,1,1,1,1,1,1,1,0,1,Trading companies
2023,2023,8113.T,8,1,1,1,1,1,1,1,1,0,Consumer Defensive
2023,2023,8267.T,7,1,1,1,1,0,1,0,1,1,Retail
2023,2023,8801.T,7,1,1,1,1,0,0,1,1,1,Real estate
2023,2023,8802.T,6,1,1,0,1,1,0,1,1,0,Real estate
2023,2023,8830.T,7,1,1,1,1,1,0,1,1,0,Real estate
2023,2023,9020.T,8,1,1,1,1,0,1,1,1,1,Railway/bus
2023,2023,9021.T,8,1,1,1,1,1,0,1,1,1,Railway/bus
2023,2023,9022.T,9,1,1,1,1,1,1,1,1,1,Railway/bus
2023,2023,9101.T,6,1,1,1,0,1,1,0,0,1,Marine transport
2023,2023,9202.T,8,1,1,1,1,1,0,1,1,1,Air transport
2023,2023,9432.T,6,1,1,0,1,0,1,1,0,1,Communications
2023,2023,9433.T,5,1,1,0,1,1,0,1,0,0,Communications
2023,2023,9434.T,5,1,1,0,1,1,1,0,0,0,Communications
2023,2023,9735.T,6,1,1,0,1,1,0,1,0,1,Services
2023,2023,9983.T,5,1,1,0,1,1,1,0,0,0,Retail
2023,2023,9984.T,6,0,1,1,1,0,1,1,0,1,Communications
2024,2024,1925.T,5,1,1,0,1,0,1,1,0,0,Construction
2024,2024,1928.T,6,1,1,1,0,0,1,1,1,0,Construction
2024,2024,2502.T,7,1,1,1,1,1,0,1,1,0,Foods
2024,2024,2503.T,4,1,1,0,1,0,0,0,1,0,Foods
2024,2024,2802.T,7,1,1,0,1,1,0,1,1,1,Foods
2024,2024,2914.T,3,1,1,0,1,0,0,0,0,0,Foods
2024,2024,3382.T,7,1,1,0,1,1,1,1,1,0,Retail
2024,2024,3407.T,6,1,1,1,1,0,1,0,1,0,Chemicals
2024,2024,4063.T,6,1,1,0,1,1,1,1,0,0,Chemicals
2024,2024,4188.T,5,1,1,1,1,1,0,0,0,0,Chemicals
2024,2024,4452.T,9,1,1,1,1,1,1,1,1,1,Chemicals
2024,2024,4502.T,4,1,1,0,1,0,1,0,0,0,Pharmaceuticals
2024,2024,4503.T,6,1,1,0,1,0,0,1,1,1,Pharmaceuticals
2024,2024,4507.T,5,1,1,0,0,0,1,1,1,0,Pharmaceuticals
2024,2024,4519.T,8,1,1,1,1,1,1,0,1,1,Pharmaceuticals
2024,2024,4523.T,5,1,1,0,1,0,1,0,1,0,Pharmaceuticals
2024,2024,4543.T,8,1,1,1,1,1,0,1,1,1,Precision instruments
2024,2024,4568.T,8,1,1,1,1,1,1,0,1,1,Pharmaceuticals
2024,2024,4578.T,8,1,1,1,1,0,1,1,1,1,Pharmaceuticals
2024,2024,4661.T,7,1,1,1,1,1,0,0,1,1,Services
2024,2024,4689.T,4,1,1,0,1,0,0,0,1,0,Services
2024,2024,4901.T,6,1,1,1,1,1,0,0,1,0,Chemicals
2024,2024,4911.T,5,0,1,0,1,0,0,1,1,1,Chemicals
2024,2024,5020.T,8,1,1,1,1,1,1,1,1,0,Petroleum
2024,2024,5108.T,6,1,1,0,1,1,1,0,1,0,Rubber
2024,2024,5401.T,5,1,1,0,1,1,0,0,0,1,Steel
2024,2024,5802.T,8,1,1,1,1,0,1,1,1,1,Nonferrous metals
2024,2024,6098.T,7,1,1,1,1,1,1,1,0,0,Services
2024,2024,6146.T,7,1,1,1,1,0,1,0,1,1,Precision instruments
2024,2024,6273.T,5,1,1,0,0,1,1,1,0,0,Machinery
2024,2024,6301.T,7,1,1,1,1,1,1,0,1,0,Machinery
2024,2024,6326.T,6,1,1,0,1,1,0,1,1,0,Machinery
2024,2024,6367.T,6,1,1,0,1,1,1,0,1,0,Machinery
2024,2024,6501.T,8,1,1,1,1,1,1,1,1,0,Electric machinery
2024,2024,6503.T,7,1,1,1,1,0,1,1,1,0,Electric machinery
2024,2024,6701.T,7,1,1,1,1,1,0,0,1,1,Electric machinery
2024,2024,6702.T,7,1,1,1,1,1,0,1,1,0,Electric machinery
2024,2024,6723.T,4,1,1,0,1,0,1,0,0,0,Electric machinery
2024,2024,6752.T,8,1,1,1,1,1,1,0,1,1,Electric machinery
2024,2024,6758.T,6,1,1,0,1,0,1,1,0,1,Electric machinery
2024,2024,6857.T,3,1,1,0,0,0,1,0,0,0,Electric machinery
2024,2024,6861.T,6,1,1,0,1,0,1,1,1,0,Electric machinery
2024,2024,6869.T,6,1,1,0,1,0,1,1,0,1,Healthcare
2024,2024,6902.T,7,1,1,0,1,1,0,1,1,1,Electric machinery
2024,2024,6920.T,3,1,1,0,0,0,1,0,0,0,Electric machinery
2024,2024,6954.T,5,1,1,0,1,0,1,1,0,0,Electric machinery
2024,2024,6971.T,5,1,1,0,1,0,1,1,0,0,Electric machinery
2024,2024,6981.T,4,1,1,0,1,1,0,0,0,0,Electric machinery
2024,2024,7011.T,8,1,1,1,1,1,1,0,1,1,Machinery
2024,2024,7201.T,8,1,1,1,1,0,1,1,1,1,Automotive
2024,2024,7203.T,7,1,1,1,0,0,1,1,1,1,Automotive
2024,2024,7267.T,6,1,1,1,0,0,0,1,1,1,Automotive
2024,2024,7269.T,8,1,1,1,1,1,0,1,1,1,Automotive
2024,2024,7270.T,8,1,1,1,1,0,1,1,1,1,Automotive
2024,2024,7309.T,7,1,1,1,1,1,1,1,0,0,Consumer Cyclical
2024,2024,7733.T,6,1,1,1,0,1,1,1,0,0,Precision instruments
2024,2024,7741.T,8,1,1,1,1,0,1,1,1,1,Precision instruments
2024,2024,7751.T,7,1,1,0,1,0,1,1,1,1,Electric machinery
2024,2024,7832.T,6,1,1,1,0,1,1,1,0,0,Other manufacturing
2024,2024,7974.T,6,1,1,1,0,1,1,0,1,0,Services
2024,2024,8001.T,5,1,1,0,1,0,0,1,1,0,Trading companies
2024,2024,8002.T,5,1,1,0,0,0,1,1,1,0,Trading companies
2024,2024,8031.T,5,1,1,0,0,1,0,1,1,0,Trading companies
2024,2024,8035.T,7,1,1,0,1,1,1,1,1,0,Electric machinery
2024,2024,8053.T,6,1,1,0,1,1,0,1,1,0,Trading companies
2024,2024,8058.T,7,1,1,0,1,1,1,1,1,0,Trading companies
2024,2024,8113.T,6,1,1,0,1,1,0,1,1,0,Consumer Defensive
2024,2024,8267.T,6,1,1,1,1,0,1,0,1,0,Retail
2024,2024,8801.T,6,1,1,1,1,0,1,0,1,0,Real estate
2024,2024,8802.T,6,1,1,0,1,0,1,1,0,1,Real estate
2024,2024,8830.T,5,1,1,0,1,1,0,0,1,0,Real estate
2024,2024,9020.T,8,1,1,1,1,1,1,0,1,1,Railway/bus
2024,2024,9021.T,7,1,1,1,1,1,0,0,1,1,Railway/bus
2024,2024,9022.T,8,1,1,1,1,1,0,1,1,1,Railway/bus
2024,2024,9101.T,5,1,1,0,1,1,0,1,0,0,Marine transport
2024,2024,9202.T,8,1,1,1,1,1,0,1,1,1,Air transport
2024,2024,9432.T,5,1,1,0,1,0,0,1,1,0,Communications
2024,2024,9433.T,5,1,1,0,1,0,0,1,1,0,Communications
2024,2024,9434.T,6,1,1,0,1,1,0,1,1,0,Communications
2024,2024,9735.T,6,1,1,1,1,0,0,1,0,1,Services
2024,2024,9983.T,7,1,1,1,1,1,0,0,1,1,Retail
2024,2024,9984.T,6,0,1,1,1,1,0,0,1,1,Communications
2025,2025,1925.T,7,1,1,1,1,1,0,1,1,0,Construction
2025,2025,1928.T,4,1,1,0,0,0,1,0,0,1,Construction
2025,2025,2502.T,6,1,1,0,0,1,1,1,1,0,Foods
2025,2025,2503.T,6,1,1,1,1,1,0,0,1,0,Foods
2025,2025,2802.T,6,1,1,0,1,0,1,1,1,0,Foods
2025,2025,2914.T,8,1,1,1,1,1,1,1,1,0,Foods
2025,2025,3382.T,6,1,1,0,1,1,0,1,0,1,Retail
2025,2025,3407.T,8,1,1,1,1,0,1,1,1,1,Chemicals
2025,2025,4063.T,7,1,1,0,1,1,1,1,1,0,Chemicals
2025,2025,4188.T,6,1,1,0,1,1,1,0,1,0,Chemicals
2025,2025,4452.T,6,1,1,1,1,0,0,1,1,0,Chemicals
2025,2025,4502.T,4,1,1,0,1,1,0,0,0,0,Pharmaceuticals
2025,2025,4503.T,6,1,1,1,1,0,1,1,0,0,Pharmaceuticals
2025,2025,4507.T,4,1,1,0,1,0,1,0,0,0,Pharmaceuticals
2025,2025,4519.T,3,1,1,0,0,0,0,0,1,0,Pharmaceuticals
2025,2025,4543.T,6,1,1,0,1,0,1,1,1,0,Precision instruments
2025,2025,4568.T,6,1,1,1,0,1,0,1,1,0,Pharmaceuticals
2025,2025,4578.T,7,1,1,0,1,1,1,1,1,0,Pharmaceuticals
2025,2025,4661.T,4,1,1,0,1,0,1,0,0,0,Services
2025,2025,4689.T,8,1,1,1,1,1,0,1,1,1,Services
2025,2025,4901.T,5,1,1,0,1,0,1,0,1,0,Chemicals
2025,2025,5020.T,6,1,1,0,1,1,1,1,0,0,Petroleum
2025,2025,5108.T,6,1,1,1,1,0,1,1,0,0,Rubber
2025,2025,5401.T,6,1,1,0,1,1,1,0,1,0,Steel
2025,2025,5802.T,7,1,1,1,1,0,1,1,1,0,Nonferrous metals
2025,2025,6098.T,7,1,1,1,1,1,0,1,1,0,Services
2025,2025,6146.T,6,1,1,1,0,0,1,0,1,1,Precision instruments
2025,2025,6273.T,6,1,1,0,1,1,1,1,0,0,Machinery
2025,2025,6301.T,6,1,1,0,1,1,0,1,1,0,Machinery
2025,2025,6326.T,6,1,1,0,1,1,1,1,0,0,Machinery
2025,2025,6367.T,4,1,1,0,1,0,1,0,0,0,Machinery
2025,2025,6501.T,8,1,1,1,1,1,0,1,1,1,Electric machinery
2025,2025,6503.T,8,1,1,1,1,1,1,1,1,0,Electric machinery
2025,2025,6701.T,6,1,1,1,1,1,0,0,1,0,Electric machinery
2025,2025,6702.T,7,1,1,0,1,1,1,1,1,0,Electric machinery
2025,2025,6723.T,4,0,1,0,1,1,0,0,1,0,Electric machinery
2025,2025,6752.T,5,1,1,0,1,0,1,0,1,0,Electric machinery
2025,2025,6758.T,7,1,1,1,1,0,1,1,1,0,Electric machinery
2025,2025,6762.T,7,1,1,1,1,1,0,0,1,1,Electric machinery
2025,2025,6857.T,8,1,1,1,1,1,0,1,1,1,Electric machinery
2025,2025,6861.T,5,1,1,0,1,0,0,1,1,0,Electric machinery
2025,2025,6902.T,8,1,1,1,1,1,1,1,1,0,Electric machinery
2025,2025,6920.T,6,1,1,1,0,0,1,0,1,1,Electric machinery
2025,2025,6954.T,7,1,1,1,1,0,1,1,1,0,Electric machinery
2025,2025,6971.T,5,1,1,0,1,1,0,0,1,0,Electric machinery
2025,2025,6981.T,8,1,1,1,1,0,1,1,1,1,Electric machinery
2025,2025,7011.T,6,1,1,0,1,0,1,1,1,0,Machinery
2025,2025,7203.T,5,1,1,0,0,1,1,1,0,0,Automotive
2025,2025,7267.T,3,1,1,0,0,0,0,1,0,0,Automotive
2025,2025,7269.T,6,1,1,1,1,0,1,0,1,0,Automotive
2025,2025,7270.T,6,1,1,0,1,1,1,1,0,0,Automotive
2025,2025,7309.T,4,1,1,0,1,0,0,1,0,0,Consumer Cyclical
2025,2025,7733.T,7,1,1,0,1,1,0,1,1,1,Precision instruments
2025,2025,7741.T,4,1,1,0,1,0,0,1,0,0,Precision instruments
2025,2025,7751.T,5,1,1,1,1,0,0,1,0,0,Electric machinery
2025,2025,7832.T,8,1,1,1,1,1,0,1,1,1,Other manufacturing
2025,2025,7974.T,3,1,1,0,0,0,0,0,1,0,Services
2025,2025,8001.T,6,1,1,0,1,1,0,1,1,0,Trading companies
2025,2025,8002.T,7,1,1,0,1,1,1,1,1,0,Trading companies
2025,2025,8031.T,6,1,1,0,1,0,1,1,0,1,Trading companies
2025,2025,8035.T,7,1,1,1,1,0,0,1,1,1,Electric machinery
2025,2025,8053.T,6,1,1,1,1,0,0,1,1,0,Trading companies
2025,2025,8058.T,5,1,1,0,1,0,1,1,0,0,Trading companies
2025,2025,8113.T,6,1,1,0,1,1,1,1,0,0,Consumer Defensive
2025,2025,8267.T,4,1,1,0,1,0,0,0,0,1,Retail
2025,2025,8801.T,7,1,1,1,1,1,0,1,0,1,Real estate
2025,2025,8802.T,8,1,1,1,1,1,1,1,1,0,Real estate
2025,2025,8830.T,8,1,1,1,1,1,1,1,1,0,Real estate
2025,2025,9020.T,8,1,1,1,1,1,0,1,1,1,Railway/bus
2025,2025,9021.T,8,1,1,1,1,1,0,1,1,1,Railway/bus
2025,2025,9022.T,8,1,1,1,1,1,0,1,1,1,Railway/bus
2025,2025,9101.T,7,1,1,1,1,0,1,1,1,0,Marine transport
2025,2025,9104.T,7,1,1,1,0,0,1,1,1,1,Marine transport
2025,2025,9202.T,6,1,1,0,1,1,0,1,0,1,Air transport
2025,2025,9432.T,6,1,1,0,1,1,1,1,0,0,Communications
2025,2025,9433.T,5,1,1,0,1,0,0,1,1,0,Communications
2025,2025,9434.T,6,1,1,1,1,0,0,0,1,1,Communications
2025,2025,9735.T,7,1,1,1,1,1,1,1,0,0,Services
2025,2025,9983.T,7,1,1,1,1,1,1,0,0,1,Retail
2025,2025,9984.T,5,1,1,1,0,0,0,1,0,1,Communications
