formation_year,index,ticker,roa_pos,cfo_pos,delta_roa_pos,accruals_ok,delta_leverage_down,delta_liquidity_up,no_issuance,delta_margin_up,delta_turnover_up,fscore
2012,0,1605.T,1,1,1,1,1,0,0,0,0,5
2012,1,1925.T,1,1,1,1,1,0,1,1,0,7
2012,2,1928.T,1,1,1,1,0,1,1,1,1,8
2012,3,2503.T,1,1,0,1,0,0,1,1,1,6
2012,4,2914.T,1,1,1,1,1,1,1,0,1,8
2012,5,3382.T,1,1,1,1,0,0,1,0,1,6
2012,6,3402.T,1,1,1,1,1,1,0,1,1,8
2012,7,3407.T,1,1,1,1,1,1,1,1,1,9
2012,8,4005.T,1,1,1,1,0,1,1,1,1,8
2012,9,4063.T,1,1,1,1,1,0,1,1,1,8
2012,10,4188.T,1,1,1,1,1,1,0,1,1,8
2012,11,4452.T,1,1,1,1,1,0,1,0,1,7
2012,12,4502.T,1,1,0,1,0,0,1,0,0,4
2012,13,4503.T,1,1,0,1,0,0,0,0,0,3
2012,14,4523.T,1,1,1,1,1,1,0,0,0,6
2012,15,4568.T,1,1,1,1,1,0,1,1,1,8
2012,16,4901.T,1,1,1,1,1,1,1,1,1,9
2012,17,4911.T,1,1,0,1,0,1,0,0,0,4
2012,18,5108.T,1,1,1,1,0,1,1,0,1,7
2012,19,5201.T,1,1,0,1,1,0,1,0,0,5
2012,20,5401.T,1,1,1,1,1,1,1,1,1,9
2012,21,5405.T,0,1,1,1,1,0,1,1,1,7
2012,22,5406.T,1,1,1,1,1,0,1,1,1,8
2012,23,5411.T,1,1,1,1,1,0,0,1,1,7
2012,24,5713.T,1,1,1,1,1,1,1,1,1,9
2012,25,5802.T,1,1,1,1,0,1,1,1,1,8
2012,26,6273.T,1,1,1,1,0,0,1,1,1,7
2012,27,6301.T,1,1,1,0,1,0,1,1,1,7
2012,28,6326.T,1,1,1,1,1,0,1,1,0,7
2012,29,6367.T,1,1,1,1,1,1,0,0,1,7
2012,30,6501.T,1,1,1,1,1,0,0,1,1,7
2012,31,6502.T,1,1,1,1,1,1,1,1,1,9
2012,32,6503.T,1,1,1,1,1,0,0,1,1,7
2012,33,6594.T,1,1,1,1,0,1,1,1,1,8
2012,34,6701.T,0,1,0,1,1,0,1,0,0,4
2012,35,6702.T,1,1,0,1,1,0,0,1,0,5
2012,36,6752.T,1,1,1,1,0,0,1,0,0,5
2012,37,6753.T,1,1,1,1,0,1,1,0,1,7
2012,38,6758.T,0,1,0,1,1,0,0,1,0,4
2012,39,6762.T,1,1,1,1,1,0,0,1,1,7
2012,40,6861.T,1,1,1,0,0,0,1,0,1,5
2012,41,6902.T,1,1,1,1,1,1,1,1,0,8
2012,42,6954.T,1,1,1,1,0,0,1,1,1,7
2012,43,6963.T,1,1,1,1,1,1,1,1,1,9
2012,44,6971.T,1,1,1,0,1,1,1,1,1,8
2012,45,6981.T,1,1,1,1,0,0,0,1,1,6
2012,46,6988.T,1,1,1,1,1,1,1,1,0,8
2012,47,7011.T,1,1,1,1,1,0,1,1,1,8
2012,48,7201.T,1,1,1,1,1,1,0,1,1,8
2012,49,7203.T,1,1,1,1,1,0,1,1,0,7
2012,50,7267.T,1,1,1,1,1,0,1,1,1,8
2012,51,7269.T,1,1,1,1,1,1,0,1,0,7
2012,52,7731.T,1,1,1,1,0,1,0,1,1,7
2012,53,7741.T,1,1,1,1,1,1,0,1,0,7
2012,54,7751.T,1,1,0,1,0,1,1,1,0,6
2012,55,7752.T,1,1,0,1,1,1,1,0,1,7
2012,56,7912.T,1,1,1,1,0,1,1,1,0,7
2012,57,7974.T,1,1,0,1,1,1,1,0,0,6
2012,58,8001.T,1,1,1,1,1,1,0,0,1,7
2012,59,8002.T,1,1,1,1,1,0,1,0,1,7
2012,60,8031.T,1,1,1,1,1,0,0,1,1,7
2012,61,8035.T,1,1,1,1,0,0,0,1,1,6
2012,62,8053.T,1,1,1,1,0,1,0,1,1,7
2012,63,8058.T,1,1,1,0,1,1,0,0,1,6
2012,64,8267.T,1,1,1,1,1,0,0,0,0,5
2012,65,8801.T,1,1,0,1,0,0,1,0,1,5
2012,66,8802.T,1,1,1,1,0,1,1,1,0,7
2012,67,8830.T,1,1,0,0,1,1,1,1,0,6
2012,68,9020.T,1,1,0,1,1,0,1,0,0,5
2012,69,9021.T,1,1,1,1,0,1,1,0,0,6
2012,70,9022.T,1,1,1,1,1,1,1,1,1,9
2012,71,9202.T,1,1,1,1,1,1,0,1,1,8
2012,72,9432.T,1,1,1,1,0,1,1,0,1,7
2012,73,9433.T,1,1,1,1,1,1,1,0,0,7
2012,74,9437.T,1,1,0,1,1,1,1,0,0,6
2012,75,9502.T,1,1,0,1,0,0,1,0,1,5
2012,76,9503.T,1,1,0,1,1,0,1,0,1,6
2012,77,9506.T,0,1,0,1,1,1,1,0,1,6
2012,78,9508.T,1,1,0,1,1,1,1,0,1,7
2012,79,9735.T,1,1,1,1,0,1,1,0,1,7
2012,80,9831.T,1,1,1,1,1,1,1,0,0,7
2012,81,9983.T,1,1,0,1,0,1,0,1,0,5
2012,82,9984.T,1,1,1,1,1,0,0,1,1,7
2012,83,1878.T,1,1,0,1,0,0,1,1,1,6
2012,84,1963.T,1,1,0,1,1,0,1,1,1,7
2012,85,2502.T,1,1,1,1,1,0,0,1,0,6
2012,86,2802.T,1,1,1,1,1,1,1,1,1,9
2012,87,4661.T,1,1,0,1,1,0,1,1,0,6
2012,88,7202.T,1,1,1,1,1,1,1,1,1,9
2012,89,8113.T,1,0,1,0,0,1,1,1,1,6
2012,90,9064.T,1,1,1,1,0,1,1,1,1,8
2013,0,1605.T,1,1,1,1,1,1,1,1,0,8
2013,1,1878.T,1,1,1,1,1,1,0,1,1,8
2013,2,1925.T,1,1,1,1,1,0,1,1,1,8
2013,3,1928.T,1,1,0,0,1,0,1,1,1,6
2013,4,1963.T,1,1,1,1,0,0,1,0,1,6
2013,5,2502.T,1,1,0,1,1,1,0,1,0,6
2013,6,2503.T,1,1,1,1,1,1,1,1,0,8
2013,7,2802.T,1,1,1,1,1,0,1,1,0,7
2013,8,2914.T,1,1,1,1,1,0,1,1,1,8
2013,9,3382.T,1,1,1,1,1,1,0,0,0,6
2013,10,3402.T,1,1,1,1,1,0,1,1,1,8
2013,11,3407.T,1,1,0,1,1,1,1,0,0,6
2013,12,4063.T,1,1,0,0,1,1,1,0,0,5
2013,13,4188.T,1,1,0,1,1,1,1,0,1,7
2013,14,4452.T,1,1,1,1,0,1,1,0,1,7
2013,15,4502.T,1,1,0,1,0,0,0,0,1,4
2013,16,4503.T,1,1,1,1,0,0,0,0,1,5
2013,17,4523.T,1,1,0,1,1,1,0,0,0,5
2013,18,4568.T,1,1,0,1,1,0,0,1,0,5
2013,19,4578.T,1,1,1,1,1,0,1,0,1,7
2013,20,4661.T,1,1,1,1,0,1,0,1,1,7
2013,21,4901.T,1,1,0,1,1,0,0,0,1,5
2013,22,4911.T,1,1,1,1,0,0,0,1,1,6
2013,23,5020.T,1,1,0,1,1,1,0,0,1,6
2013,24,5108.T,1,1,1,1,1,0,0,1,1,7
2013,25,5201.T,1,1,0,1,0,1,1,0,1,6
2013,26,5401.T,1,1,0,1,1,1,1,0,0,6
2013,27,5411.T,0,1,0,1,0,1,0,0,0,3
2013,28,5713.T,1,1,0,1,0,1,1,0,0,5
2013,29,5802.T,1,1,0,1,1,0,1,0,1,6
2013,30,6273.T,1,1,1,0,1,1,1,1,0,7
2013,31,6301.T,1,1,1,0,1,1,1,1,0,7
2013,32,6326.T,1,1,1,1,1,0,1,0,1,7
2013,33,6367.T,1,1,1,1,1,0,1,0,1,7
2013,34,6501.T,1,1,1,1,1,1,0,0,1,7
2013,35,6502.T,1,1,0,1,0,0,1,0,0,4
2013,36,6503.T,1,1,0,0,0,1,1,0,0,4
2013,37,6594.T,1,1,0,1,1,0,1,0,0,5
2013,38,6702.T,1,1,0,1,0,1,1,0,1,6
2013,39,6752.T,0,1,0,1,1,0,0,0,0,3
2013,40,6758.T,0,1,0,1,1,0,1,0,0,4
2013,41,6861.T,1,1,0,0,0,1,1,0,0,4
2013,42,6902.T,1,1,0,1,0,1,0,0,1,5
2013,43,6954.T,1,1,1,1,0,0,1,0,1,6
2013,44,6971.T,1,1,0,1,1,1,1,0,0,6
2013,45,6981.T,1,1,0,1,0,0,1,0,0,4
2013,46,6988.T,1,1,0,1,1,1,0,0,0,5
2013,47,7011.T,1,1,0,1,1,0,0,1,1,6
2013,48,7201.T,1,1,1,1,0,1,0,0,1,6
2013,49,7202.T,1,1,1,0,1,0,1,1,0,6
2013,50,7203.T,1,1,0,1,1,0,0,0,0,4
2013,51,7267.T,1,1,0,1,0,1,1,0,0,5
2013,52,7269.T,1,1,1,1,1,0,1,0,1,7
2013,53,7731.T,1,1,1,0,1,1,0,1,0,6
2013,54,7741.T,1,1,0,1,1,0,0,1,0,5
2013,55,7751.T,1,1,0,1,1,1,1,0,0,6
2013,56,7752.T,0,1,0,1,0,0,1,0,1,4
2013,57,7912.T,0,1,0,1,0,1,1,0,0,4
2013,58,7974.T,0,0,0,0,1,1,1,0,0,3
2013,59,8001.T,1,1,1,0,1,0,1,0,1,6
2013,60,8002.T,1,1,1,0,1,1,1,0,1,7
2013,61,8031.T,1,1,1,0,1,0,0,0,1,5
2013,62,8035.T,1,1,0,0,0,1,0,0,0,3
2013,63,8053.T,1,1,1,0,1,1,0,1,1,7
2013,64,8058.T,1,1,0,1,0,0,0,0,1,4
2013,65,8113.T,1,1,0,1,1,0,1,0,0,5
2013,66,8267.T,1,1,1,1,0,0,0,0,1,5
2013,67,8801.T,1,1,0,1,1,0,1,1,0,6
2013,68,8802.T,1,1,0,1,0,0,0,0,1,4
2013,69,8830.T,1,1,1,1,0,1,1,1,0,7
2013,70,9020.T,1,1,1,1,1,1,1,1,0,8
2013,71,9021.T,1,1,0,1,1,0,1,1,1,7
2013,72,9022.T,1,1,0,1,1,0,1,1,0,6
2013,73,9064.T,1,1,0,1,1,0,1,1,0,6
2013,74,9202.T,1,1,1,1,0,1,0,1,1,7
2013,75,9432.T,1,1,0,1,1,1,1,0,0,6
2013,76,9433.T,1,1,0,1,0,0,1,0,1,5
2013,77,9437.T,1,1,0,1,1,1,1,1,0,7
2013,78,9502.T,0,1,0,1,0,1,1,0,1,5
2013,79,9503.T,0,1,0,1,0,1,1,0,0,4
2013,80,9735.T,1,1,0,1,1,0,0,0,1,5
2013,81,9831.T,1,1,0,0,1,0,1,1,0,5
2013,82,9983.T,1,1,1,1,1,1,0,0,1,7
2013,83,9984.T,1,1,1,1,1,0,0,0,1,6
2013,84,7270.T,1,1,0,1,0,1,0,0,0,4
2014,0,1605.T,1,1,0,1,0,1,1,0,0,5
2014,1,1878.T,1,1,1,1,1,1,0,0,0,6
2014,2,1925.T,1,1,1,1,0,1,1,1,1,8
2014,3,1928.T,1,1,1,1,0,1,1,1,0,7
2014,4,1963.T,1,1,1,1,0,0,1,0,0,5
2014,5,2502.T,1,1,0,1,1,1,1,1,0,7
2014,6,2503.T,1,1,1,1,1,1,1,1,0,8
2014,7,2802.T,1,1,1,1,1,1,1,1,0,8
2014,8,2914.T,1,1,1,1,1,0,1,1,1,8
2014,9,3382.T,1,1,1,1,0,0,0,0,0,4
2014,10,3402.T,1,1,0,1,1,1,0,0,0,5
2014,11,3407.T,1,1,0,1,0,0,1,1,1,6
2014,12,4063.T,1,1,1,1,0,1,0,1,0,6
2014,13,4188.T,1,1,0,1,1,0,1,0,0,5
2014,14,4452.T,1,1,1,1,1,1,1,0,1,8
2014,15,4502.T,1,1,0,1,0,1,0,0,0,4
2014,16,4503.T,1,1,1,1,1,1,1,0,0,7
2014,17,4523.T,1,1,0,1,1,0,0,0,0,4
2014,18,4568.T,1,1,1,1,1,0,0,0,1,6
2014,19,4578.T,1,1,1,0,1,0,1,1,1,7
2014,20,4661.T,1,1,1,1,1,0,0,1,1,7
2014,21,4901.T,1,1,1,1,0,1,0,0,0,5
2014,22,4911.T,0,1,0,1,1,0,0,0,1,4
2014,23,5020.T,1,1,0,1,0,0,1,0,0,4
2014,24,5108.T,1,1,1,1,1,0,0,1,1,7
2014,25,5201.T,1,1,0,1,1,0,0,0,0,4
2014,26,5401.T,0,1,0,1,0,0,0,0,1,3
2014,27,5411.T,1,1,1,1,1,0,0,1,0,6
2014,28,5713.T,1,1,1,1,0,0,1,1,0,6
2014,29,5802.T,1,1,0,1,1,1,1,0,0,6
2014,30,6273.T,1,1,1,1,1,1,1,0,0,7
2014,31,6301.T,1,1,0,1,0,1,0,0,0,4
2014,32,6326.T,1,1,1,0,0,1,1,1,1,7
2014,33,6367.T,1,1,1,1,0,1,0,0,1,6
2014,34,6501.T,1,1,0,1,0,1,0,1,0,5
2014,35,6502.T,1,1,1,1,0,0,1,1,0,6
2014,36,6503.T,1,1,0,1,1,0,1,0,0,5
2014,37,6594.T,1,1,0,1,0,0,1,0,0,4
2014,38,6702.T,0,1,0,1,1,0,1,0,1,5
2014,39,6752.T,0,1,0,1,1,0,1,1,1,6
2014,40,6758.T,1,1,1,1,0,1,0,1,1,7
2014,41,6861.T,1,1,1,0,0,1,1,0,1,6
2014,42,6902.T,1,1,1,1,1,0,1,1,1,8
2014,43,6954.T,1,1,0,1,0,1,1,0,0,5
2014,44,6971.T,1,1,0,1,1,1,1,0,1,7
2014,45,6981.T,1,1,1,1,0,0,1,1,1,7
2014,46,6988.T,1,1,1,1,1,0,0,1,1,7
2014,47,7011.T,1,1,1,1,1,1,0,1,1,8
2014,48,7201.T,1,1,0,1,0,1,1,0,0,5
2014,49,7202.T,1,1,0,1,1,1,1,1,1,8
2014,50,7203.T,1,1,1,1,0,1,0,1,1,7
2014,51,7267.T,1,1,1,1,0,0,1,1,1,7
2014,52,7269.T,1,1,1,1,0,1,1,1,0,7
2014,53,7270.T,1,1,1,1,1,1,1,1,1,9
2014,54,7731.T,1,1,0,1,1,1,0,0,1,6
2014,55,7741.T,1,1,1,1,1,1,0,0,1,7
2014,56,7751.T,1,1,1,1,1,1,1,1,1,9
2014,57,7752.T,1,1,1,1,1,0,1,1,0,7
2014,58,7912.T,1,1,1,1,1,0,1,1,0,7
2014,59,7974.T,1,0,1,0,1,0,1,0,1,5
2014,60,8001.T,1,1,0,0,1,1,1,0,0,5
2014,61,8002.T,1,1,0,1,1,0,1,0,0,5
2014,62,8031.T,1,1,0,1,1,0,0,0,0,4
2014,63,8035.T,1,1,0,1,1,1,0,0,0,5
2014,64,8053.T,1,1,0,1,0,1,0,0,0,4
2014,65,8058.T,1,1,0,1,0,1,0,0,0,4
2014,66,8113.T,1,1,1,1,1,0,0,1,1,7
2014,67,8267.T,1,1,1,1,1,1,0,1,1,8
2014,68,8801.T,1,1,1,1,0,1,1,1,1,8
2014,69,8802.T,1,1,0,1,0,0,1,0,0,4
2014,70,8830.T,1,1,0,0,1,1,1,0,0,5
2014,71,9020.T,1,1,1,1,1,1,1,1,1,9
2014,72,9021.T,1,1,1,1,1,1,1,1,1,9
2014,73,9022.T,1,1,1,1,1,0,1,1,1,8
2014,74,9064.T,1,1,1,1,1,0,1,1,0,7
2014,75,9202.T,1,1,1,1,1,1,0,0,1,7
2014,76,9432.T,1,1,1,1,1,0,1,0,1,7
2014,77,9433.T,1,1,0,1,1,1,0,0,0,5
2014,78,9437.T,1,1,1,1,1,0,1,0,1,7
2014,79,9502.T,0,1,1,1,0,1,1,0,1,6
2014,80,9503.T,0,1,1,1,0,0,1,0,0,4
2014,81,9735.T,1,1,1,1,0,0,1,1,1,7
2014,82,9983.T,1,1,1,0,0,1,0,0,1,5
2014,83,9984.T,1,1,1,1,0,0,0,0,0,4
2014,84,4755.T,1,1,1,0,1,0,0,0,1,5
2014,85,7261.T,1,1,1,1,1,0,1,1,1,8
2015,0,1605.T,1,1,0,1,0,1,1,0,0,5
2015,1,1878.T,1,1,0,1,1,0,0,0,1,5
2015,2,1925.T,1,1,1,0,1,0,0,0,1,5
2015,3,1928.T,1,1,1,0,1,0,0,1,1,6
2015,4,1963.T,1,1,0,1,0,0,1,0,0,4
2015,5,2502.T,1,1,1,1,1,0,0,1,1,7
2015,6,2503.T,1,1,0,1,1,0,1,1,0,6
2015,7,2802.T,1,1,0,1,0,1,1,0,0,5
2015,8,2914.T,1,1,1,0,1,1,0,1,1,7
2015,9,3382.T,1,1,1,1,0,1,0,0,1,6
2015,10,3402.T,1,1,1,1,0,1,1,0,1,7
2015,11,3407.T,1,1,1,1,1,1,1,1,0,8
2015,12,4063.T,1,1,1,1,1,0,0,1,1,7
2015,13,4188.T,1,1,1,1,0,1,1,0,1,7
2015,14,4452.T,1,1,1,1,1,0,1,0,0,6
2015,15,4502.T,1,1,0,1,1,1,0,1,0,6
2015,16,4503.T,1,1,1,1,1,1,1,1,1,9
2015,17,4523.T,1,1,0,1,1,0,0,0,1,5
2015,18,4568.T,1,1,0,0,0,1,0,0,1,4
2015,19,4578.T,1,1,1,1,0,0,1,1,1,7
2015,20,4661.T,1,1,1,1,1,1,0,1,1,8
2015,21,4755.T,1,1,1,1,0,1,0,1,0,6
2015,22,4901.T,1,1,1,1,1,1,0,0,0,6
2015,23,4911.T,1,1,1,1,1,0,0,0,1,6
2015,24,5020.T,1,1,0,1,1,0,1,0,1,6
2015,25,5108.T,1,1,1,1,0,1,0,1,0,6
2015,26,5401.T,1,1,1,1,1,1,0,1,0,7
2015,27,5411.T,1,1,1,1,1,1,1,1,1,9
2015,28,5713.T,1,1,0,0,1,0,1,0,0,4
2015,29,5802.T,1,1,1,1,0,0,1,1,1,7
2015,30,6273.T,1,1,1,0,0,0,1,1,1,6
2015,31,6301.T,1,1,1,1,1,1,0,1,0,7
2015,32,6326.T,1,1,1,0,1,1,1,1,1,8
2015,33,6367.T,1,1,1,1,1,0,0,1,0,6
2015,34,6501.T,1,1,1,0,0,0,1,1,1,6
2015,35,6502.T,1,1,1,1,0,1,1,1,1,8
2015,36,6503.T,1,1,1,1,1,1,1,1,1,9
2015,37,6594.T,1,1,1,1,0,1,0,1,0,6
2015,38,6702.T,1,1,1,1,0,1,1,0,1,7
2015,39,6752.T,1,1,1,1,1,1,1,1,1,9
2015,40,6758.T,0,1,0,1,1,1,0,1,1,6
2015,41,6861.T,1,1,1,1,0,0,1,1,1,7
2015,42,6902.T,1,1,1,1,1,0,0,1,1,7
2015,43,6954.T,1,1,0,1,0,1,1,1,0,6
2015,44,6971.T,1,1,1,1,1,1,1,1,0,8
2015,45,6981.T,1,1,1,1,0,1,0,1,1,7
2015,46,6988.T,1,1,1,1,1,0,0,0,0,5
2015,47,7011.T,1,1,1,1,1,0,0,1,1,7
2015,48,7201.T,1,1,1,1,1,0,0,1,1,7
2015,49,7202.T,1,1,1,1,1,1,0,1,0,7
2015,50,7203.T,1,1,1,1,0,1,0,1,1,7
2015,51,7261.T,1,1,1,1,1,1,1,1,1,9
2015,52,7267.T,1,1,1,0,0,0,1,0,1,5
2015,53,7269.T,1,1,1,1,1,0,0,1,1,7
2015,54,7270.T,1,1,1,1,1,1,1,1,1,9
2015,55,7741.T,1,1,0,1,1,0,0,0,1,5
2015,56,7751.T,1,1,1,1,1,0,1,1,0,7
2015,57,7752.T,1,1,1,1,1,0,1,1,1,8
2015,58,7912.T,1,1,1,1,1,1,1,1,1,9
2015,59,7974.T,0,0,0,1,0,1,1,1,0,4
2015,60,8001.T,1,1,0,1,1,1,1,0,1,7
2015,61,8002.T,1,1,1,1,0,0,1,0,1,6
2015,62,8031.T,1,1,0,1,1,0,1,0,0,5
2015,63,8035.T,0,1,0,1,1,0,0,1,1,5
2015,64,8053.T,1,1,0,1,1,1,1,0,1,7
2015,65,8058.T,1,1,0,1,1,1,0,0,1,6
2015,66,8113.T,1,1,0,1,1,1,0,0,1,6
2015,67,8267.T,1,1,0,1,1,0,0,1,0,5
2015,68,8801.T,1,1,1,1,1,0,1,1,0,7
2015,69,8802.T,1,1,1,1,1,0,1,1,1,8
2015,70,8830.T,1,1,1,1,0,1,1,1,0,7
2015,71,9020.T,1,1,1,1,1,1,1,1,0,8
2015,72,9021.T,1,1,1,1,1,1,1,1,1,9
2015,73,9022.T,1,1,1,1,1,1,1,1,1,9
2015,74,9064.T,1,1,0,1,0,0,1,0,1,5
2015,75,9202.T,1,1,0,1,1,0,1,0,1,6
2015,76,9432.T,1,1,1,1,0,0,1,0,1,6
2015,77,9433.T,1,1,1,1,0,1,0,0,1,6
2015,78,9437.T,1,1,0,1,0,1,1,0,0,5
2015,79,9502.T,0,1,0,1,1,0,1,0,1,5
2015,80,9503.T,0,1,1,1,0,1,0,0,1,5
2015,81,9735.T,1,1,0,1,1,0,1,0,0,5
2015,82,9983.T,1,1,0,1,1,0,0,1,0,5
2015,83,9984.T,1,1,0,1,0,1,1,0,1,6
2015,84,4507.T,1,1,0,1,1,1,1,1,1,8
2015,85,4528.T,1,1,0,1,1,0,1,0,1,6
2015,86,9201.T,1,1,0,1,1,1,1,0,1,7
2016,0,1605.T,1,1,0,1,0,1,1,0,0,5
2016,1,1878.T,1,1,0,1,1,0,1,0,0,5
2016,2,1925.T,1,1,1,1,0,1,1,1,0,7
2016,3,1928.T,1,1,0,1,1,0,0,0,0,4
2016,4,2502.T,1,1,1,1,0,1,1,0,0,6
2016,5,2503.T,0,1,0,1,0,1,1,1,0,5
2016,6,2802.T,1,1,1,1,1,0,1,1,1,8
2016,7,2914.T,1,1,0,0,0,1,1,0,0,4
2016,8,3382.T,1,1,0,1,1,1,0,1,0,6
2016,9,3402.T,1,1,0,1,1,1,1,1,0,7
2016,10,3407.T,1,1,0,1,1,1,1,1,0,7
2016,11,4063.T,1,1,0,1,1,0,0,1,0,5
2016,12,4188.T,1,1,1,1,1,0,1,1,0,7
2016,13,4452.T,1,1,1,1,0,1,0,1,0,6
2016,14,4502.T,0,1,0,1,0,0,1,0,0,3
2016,15,4503.T,1,1,1,1,1,0,1,1,0,7
2016,16,4507.T,1,1,1,1,0,1,1,0,0,6
2016,17,4523.T,1,1,1,1,0,0,0,0,0,4
2016,18,4528.T,1,1,0,1,1,0,1,0,0,5
2016,19,4568.T,1,1,1,0,1,1,0,1,0,6
2016,20,4578.T,1,1,0,1,0,0,0,0,0,3
2016,21,4661.T,1,1,1,1,1,1,0,1,0,7
2016,22,4755.T,1,1,0,1,0,1,0,0,1,5
2016,23,4901.T,1,1,1,1,1,1,0,1,0,7
2016,24,4911.T,1,1,1,0,1,0,0,0,0,4
2016,25,5020.T,0,1,0,1,0,0,1,0,0,3
2016,26,5108.T,1,1,0,1,1,1,0,1,0,6
2016,27,5401.T,1,1,0,1,1,1,0,1,1,7
2016,28,5411.T,1,1,1,1,1,1,1,1,1,9
2016,29,5713.T,1,1,0,1,1,0,1,1,0,6
2016,30,5802.T,1,1,1,1,1,1,1,1,0,8
2016,31,6273.T,1,1,1,1,1,1,1,1,1,9
2016,32,6301.T,1,1,0,1,1,1,1,1,0,7
2016,33,6326.T,1,1,0,0,0,1,1,1,0,5
2016,34,6367.T,1,1,1,1,1,1,0,1,0,7
2016,35,6501.T,1,1,0,1,0,1,1,1,0,6
2016,36,6502.T,0,1,0,1,1,0,1,0,0,4
2016,37,6503.T,1,1,1,1,1,1,1,1,1,9
2016,38,6594.T,1,1,1,1,1,0,0,1,1,7
2016,39,6702.T,1,1,1,1,1,1,1,1,0,8
2016,40,6752.T,1,1,1,1,0,1,1,1,1,8
2016,41,6758.T,0,1,1,1,1,1,0,1,0,6
2016,42,6861.T,1,1,1,0,0,1,1,1,1,7
2016,43,6902.T,1,1,0,1,1,1,0,0,0,5
2016,44,6954.T,1,1,1,1,0,0,1,1,1,7
2016,45,6971.T,1,1,1,1,1,0,1,0,0,6
2016,46,6981.T,1,1,1,1,1,1,1,1,1,9
2016,47,6988.T,1,1,1,1,1,1,0,1,1,8
2016,48,7011.T,1,1,0,1,0,1,0,1,0,5
2016,49,7201.T,1,1,0,1,1,0,0,1,0,5
2016,50,7202.T,1,1,0,1,0,1,1,0,0,5
2016,51,7203.T,1,1,1,1,0,1,1,1,0,7
2016,52,7261.T,1,1,1,1,1,1,1,0,0,7
2016,53,7267.T,1,1,0,1,0,1,1,0,0,5
2016,54,7269.T,1,1,0,1,0,1,1,1,0,6
2016,55,7270.T,1,1,1,1,1,1,1,1,0,8
2016,56,7741.T,1,1,1,1,0,1,1,1,1,8
2016,57,7751.T,1,1,0,1,1,0,0,1,0,5
2016,58,7974.T,1,1,1,1,1,1,1,1,1,9
2016,59,8001.T,1,1,1,1,1,0,1,1,0,7
2016,60,8002.T,1,1,0,1,1,0,1,0,0,5
2016,61,8031.T,1,1,0,1,0,1,0,1,0,5
2016,62,8035.T,1,1,1,0,1,1,0,1,0,6
2016,63,8053.T,0,1,0,1,1,0,0,0,1,4
2016,64,8058.T,1,1,1,1,1,1,1,1,0,8
2016,65,8113.T,1,1,0,1,0,1,1,1,1,7
2016,66,8267.T,1,1,0,1,0,0,1,1,0,5
2016,67,8801.T,1,1,1,0,1,1,0,0,0,5
2016,68,8802.T,1,1,1,1,0,1,1,0,1,7
2016,69,8830.T,1,1,1,0,0,1,1,0,1,6
2016,70,9020.T,1,1,0,1,1,1,1,1,0,7
2016,71,9021.T,1,1,0,1,1,1,1,1,0,7
2016,72,9022.T,1,1,1,1,1,1,1,1,1,9
2016,73,9064.T,1,1,0,1,0,1,1,1,0,6
2016,74,9201.T,1,1,0,1,1,0,1,1,0,6
2016,75,9202.T,1,1,1,1,1,0,0,1,1,7
2016,76,9432.T,1,1,0,1,0,1,1,0,0,5
2016,77,9433.T,1,1,1,1,1,0,1,0,0,6
2016,78,9437.T,1,1,0,1,0,1,1,0,0,5
2016,79,9502.T,1,1,1,1,1,0,1,1,1,8
2016,80,9503.T,0,1,0,1,1,0,1,0,1,5
2016,81,9735.T,1,1,1,1,0,1,1,0,0,6
2016,82,9983.T,1,1,1,1,1,1,0,0,1,7
2016,83,9984.T,1,1,0,1,1,1,0,0,0,5
2017,0,1605.T,1,1,0,1,0,0,1,0,0,4
2017,1,1878.T,1,1,1,1,1,0,1,1,1,8
2017,2,1925.T,1,1,0,1,1,0,0,1,1,6
2017,3,1928.T,1,1,0,0,1,0,0,1,0,4
2017,4,2502.T,1,1,1,1,0,0,0,1,0,5
2017,5,2503.T,1,1,1,1,1,0,1,0,1,7
2017,6,2802.T,1,1,1,1,0,1,1,1,1,8
2017,7,2914.T,1,1,0,0,0,0,0,1,0,3
2017,8,3382.T,1,1,0,1,0,1,0,1,0,5
2017,9,3402.T,1,1,1,1,0,1,0,1,0,6
2017,10,3407.T,1,1,0,1,1,0,1,1,0,6
2017,11,4063.T,1,1,1,1,1,1,0,1,0,7
2017,12,4188.T,1,1,0,1,0,1,0,1,0,5
2017,13,4452.T,1,1,1,1,1,0,1,1,0,7
2017,14,4502.T,1,1,1,0,1,1,1,0,1,7
2017,15,4503.T,1,1,1,1,0,0,1,1,1,7
2017,16,4507.T,1,1,1,1,1,1,0,1,1,8
2017,17,4523.T,1,1,1,1,1,1,0,0,0,6
2017,18,4528.T,1,1,1,0,0,0,0,0,1,4
2017,19,4568.T,1,1,0,1,1,1,1,1,1,8
2017,20,4578.T,1,1,0,1,1,1,1,0,0,6
2017,21,4661.T,1,1,0,1,1,1,0,1,0,6
2017,22,4755.T,1,1,0,0,0,1,0,0,0,3
2017,23,4901.T,1,1,0,1,1,0,1,1,0,6
2017,24,4911.T,1,1,0,1,0,1,0,1,1,6
2017,25,5020.T,0,1,0,1,0,0,1,1,0,4
2017,26,5108.T,1,1,0,1,1,0,0,1,0,5
2017,27,5401.T,1,1,0,1,0,0,1,0,0,4
2017,28,5411.T,1,1,0,1,1,0,0,0,0,4
2017,29,5713.T,0,1,0,1,1,1,1,0,0,5
2017,30,5802.T,1,1,0,1,1,1,1,1,0,7
2017,31,6273.T,1,1,0,1,1,1,0,1,0,6
2017,32,6301.T,1,1,0,1,1,1,0,0,0,5
2017,33,6326.T,1,1,0,1,1,0,1,0,0,5
2017,34,6367.T,1,1,1,1,1,0,0,1,0,6
2017,35,6501.T,1,1,0,1,1,0,1,0,0,5
2017,36,6502.T,0,0,0,1,1,1,1,0,0,4
2017,37,6503.T,1,1,0,1,0,1,1,1,0,6
2017,38,6594.T,1,1,1,1,1,0,0,0,0,5
2017,39,6702.T,1,1,0,1,1,1,1,0,0,6
2017,40,6752.T,1,1,0,1,1,0,0,1,0,5
2017,41,6758.T,1,1,1,1,1,0,0,1,0,6
2017,42,6861.T,1,1,0,0,0,1,1,1,0,5
2017,43,6902.T,1,1,0,1,1,0,1,0,0,5
2017,44,6954.T,1,1,0,0,0,1,1,0,0,4
2017,45,6971.T,1,1,0,1,1,0,1,1,0,6
2017,46,6981.T,1,1,1,1,1,1,1,1,1,9
2017,47,6988.T,1,1,0,1,1,1,1,1,0,7
2017,48,7011.T,1,1,0,1,1,0,0,1,0,5
2017,49,7201.T,1,1,0,1,1,0,1,1,0,6
2017,50,7202.T,1,1,0,1,0,1,1,1,0,6
2017,51,7203.T,1,1,0,1,1,1,1,1,0,7
2017,52,7261.T,1,1,0,1,1,0,1,0,1,6
2017,53,7267.T,1,1,0,1,1,0,1,0,0,5
2017,54,7269.T,1,1,1,1,1,0,1,0,0,6
2017,55,7270.T,1,1,1,1,1,1,1,1,0,8
2017,56,7741.T,1,1,0,1,0,0,1,1,0,5
2017,57,7751.T,1,1,0,1,0,0,1,0,0,4
2017,58,7974.T,1,1,0,1,1,1,0,1,0,6
2017,59,8001.T,1,1,0,1,0,1,1,1,0,6
2017,60,8002.T,1,1,0,1,1,1,1,1,0,7
2017,61,8031.T,0,1,0,1,1,1,1,0,0,5
2017,62,8035.T,1,1,1,0,1,0,1,1,1,7
2017,63,8053.T,1,1,1,1,1,1,0,0,1,7
2017,64,8058.T,0,1,0,1,1,0,1,1,0,5
2017,65,8113.T,1,1,0,1,1,1,1,1,0,7
2017,66,8267.T,1,1,0,1,0,0,0,0,1,4
2017,67,8801.T,1,1,1,0,1,0,1,1,0,6
2017,68,8802.T,1,1,1,1,0,1,1,1,0,7
2017,69,8830.T,1,1,1,1,1,1,1,1,0,8
2017,70,9020.T,1,1,1,1,1,1,1,1,1,9
2017,71,9021.T,1,1,1,1,1,0,1,1,1,8
2017,72,9022.T,1,1,1,1,1,1,1,1,1,9
2017,73,9064.T,1,1,1,1,0,1,1,1,0,7
2017,74,9201.T,1,1,1,1,1,1,1,1,0,8
2017,75,9202.T,1,1,1,1,1,1,0,1,0,7
2017,76,9432.T,1,1,1,1,1,1,1,0,1,8
2017,77,9433.T,1,1,1,1,0,1,1,1,0,7
2017,78,9437.T,1,1,1,1,0,0,1,0,1,6
2017,79,9502.T,1,1,1,1,1,0,1,1,0,7
2017,80,9503.T,1,1,1,1,1,0,1,1,0,7
2017,81,9735.T,1,1,0,1,0,0,1,0,0,4
2017,82,9983.T,1,1,0,1,0,0,0,0,0,3
2017,83,9984.T,1,1,0,1,1,0,1,0,0,5
2017,84,6098.T,1,1,0,1,1,0,0,0,1,5
2017,85,9843.T,1,1,1,1,1,1,0,1,1,8
2018,0,1605.T,1,1,1,1,1,1,1,1,0,8
2018,1,1878.T,1,1,1,1,1,0,1,1,1,8
2018,2,1925.T,1,1,1,1,0,1,1,1,1,8
2018,3,1928.T,1,1,1,0,0,1,1,1,1,7
2018,4,2502.T,1,1,1,1,0,0,1,1,1,7
2018,5,2503.T,1,1,1,0,1,1,0,1,1,7
2018,6,2802.T,1,1,0,1,0,0,1,1,0,5
2018,7,2914.T,1,1,0,1,1,0,0,1,0,5
2018,8,3382.T,1,1,0,1,0,0,0,1,0,4
2018,9,3402.T,1,1,1,1,1,0,0,1,0,6
2018,10,3407.T,1,1,1,1,0,1,1,1,0,7
2018,11,4063.T,1,1,1,1,1,0,0,1,0,6
2018,12,4188.T,1,1,1,1,0,1,1,1,0,7
2018,13,4452.T,1,1,1,1,0,1,1,0,1,7
2018,14,4502.T,1,1,1,1,0,0,1,0,1,6
2018,15,4503.T,1,1,1,1,0,1,1,1,0,7
2018,16,4507.T,1,1,1,1,1,0,1,1,1,8
2018,17,4523.T,1,1,0,1,1,0,0,0,1,5
2018,18,4528.T,1,1,1,1,1,0,1,0,1,7
2018,19,4568.T,1,1,0,1,0,1,1,0,1,6
2018,20,4578.T,1,1,1,0,1,1,1,0,1,7
2018,21,4661.T,1,1,1,1,1,1,1,1,0,8
2018,22,4755.T,1,1,1,1,0,0,1,0,1,6
2018,23,4901.T,1,1,1,1,0,1,1,1,0,7
2018,24,4911.T,1,1,0,1,1,1,0,1,1,7
2018,25,5020.T,1,1,1,1,0,1,1,1,1,8
2018,26,5108.T,1,1,1,1,1,1,1,0,1,8
2018,27,5401.T,1,1,1,1,0,0,1,0,1,6
2018,28,5411.T,1,1,1,1,0,1,1,1,1,8
2018,29,5713.T,0,1,0,1,0,1,1,1,0,5
2018,30,5802.T,1,1,1,1,0,0,1,1,1,7
2018,31,6098.T,1,1,1,1,0,0,1,0,1,6
2018,32,6273.T,1,1,1,1,0,1,0,0,1,6
2018,33,6301.T,1,1,0,1,1,1,0,0,1,6
2018,34,6326.T,1,1,0,1,1,0,1,0,1,6
2018,35,6367.T,1,1,1,1,1,0,0,1,1,7
2018,36,6501.T,1,1,1,1,1,1,1,1,0,8
2018,37,6503.T,1,1,0,1,1,0,1,1,0,6
2018,38,6594.T,1,1,1,1,0,0,1,1,1,7
2018,39,6702.T,1,1,1,1,1,1,1,1,0,8
2018,40,6752.T,1,1,0,1,0,1,0,1,1,6
2018,41,6758.T,1,1,0,1,0,0,0,1,0,4
2018,42,6861.T,1,1,1,0,0,0,1,0,0,4
2018,43,6902.T,1,1,1,1,0,1,1,0,1,7
2018,44,6954.T,1,1,0,0,0,0,1,0,0,3
2018,45,6971.T,1,1,0,1,1,1,0,1,0,6
2018,46,6981.T,1,1,0,1,1,0,0,0,0,4
2018,47,6988.T,1,1,0,1,1,0,0,1,1,6
2018,48,7011.T,1,1,1,1,1,1,0,0,0,6
2018,49,7201.T,1,1,1,1,0,1,1,0,0,6
2018,50,7202.T,1,1,0,1,0,1,1,0,1,6
2018,51,7203.T,1,1,0,1,0,0,1,0,0,4
2018,52,7261.T,1,1,0,1,1,0,1,0,0,5
2018,53,7267.T,1,1,1,1,0,1,1,0,0,6
2018,54,7269.T,1,1,1,1,0,1,0,1,1,7
2018,55,7270.T,1,1,0,1,1,0,1,0,0,5
2018,56,7741.T,1,1,1,1,1,0,1,1,1,8
2018,57,7751.T,1,1,1,1,1,0,1,0,1,7
2018,58,7974.T,1,1,1,0,0,0,1,0,1,5
2018,59,8001.T,1,1,1,1,1,0,1,1,1,8
2018,60,8002.T,1,1,1,1,1,0,1,0,1,7
2018,61,8031.T,1,1,1,1,0,1,1,1,1,8
2018,62,8035.T,1,1,1,1,0,0,0,1,1,6
2018,63,8053.T,1,1,1,1,0,0,0,0,1,5
2018,64,8058.T,1,1,1,1,1,0,0,1,1,7
2018,65,8113.T,1,1,1,1,1,1,1,0,0,7
2018,66,8267.T,1,1,1,1,1,1,0,1,0,7
2018,67,8801.T,1,1,1,1,1,1,0,1,1,8
2018,68,8802.T,1,1,1,1,0,1,0,0,1,6
2018,69,8830.T,1,1,1,1,0,1,1,1,1,8
2018,70,9020.T,1,1,1,1,1,1,1,0,0,7
2018,71,9021.T,1,1,1,1,0,0,1,1,0,6
2018,72,9022.T,1,1,1,1,0,1,1,1,1,8
2018,73,9064.T,1,1,0,1,1,0,1,0,1,6
2018,74,9201.T,1,1,0,1,0,1,1,0,0,5
2018,75,9202.T,1,1,1,1,0,1,0,0,1,6
2018,76,9432.T,1,1,1,1,1,0,1,1,0,7
2018,77,9433.T,1,1,1,1,1,1,1,1,1,9
2018,78,9437.T,1,1,1,1,1,1,1,1,1,9
2018,79,9502.T,1,1,0,1,0,1,1,1,0,6
2018,80,9503.T,1,1,1,1,1,0,0,1,0,6
2018,81,9735.T,1,1,0,1,1,1,1,0,0,6
2018,82,9843.T,1,1,1,1,1,1,0,1,1,8
2018,83,9983.T,1,1,1,1,1,1,0,1,0,7
2018,84,9984.T,1,1,1,1,0,1,1,1,1,8
2018,85,4543.T,1,1,1,1,0,0,1,0,0,5
2018,86,6869.T,1,1,1,0,1,1,0,0,0,5
2019,0,1605.T,1,1,0,1,1,0,1,0,1,6
2019,1,1878.T,1,1,0,0,0,1,1,1,0,5
2019,2,1925.T,1,1,1,1,0,1,0,1,0,6
2019,3,1928.T,1,1,1,1,0,1,0,0,0,5
2019,4,2502.T,1,1,0,1,1,0,1,1,0,6
2019,5,2503.T,1,1,0,1,1,0,1,0,1,6
2019,6,2802.T,1,1,1,1,1,0,1,0,0,6
2019,7,2914.T,1,1,0,1,0,1,0,0,0,4
2019,8,3382.T,1,1,1,1,1,1,0,0,1,7
2019,9,3402.T,1,1,0,1,0,1,0,0,1,5
2019,10,3407.T,1,1,1,1,1,1,1,1,1,9
2019,11,4063.T,1,1,1,1,0,0,0,1,1,6
2019,12,4188.T,1,1,1,1,1,0,0,1,1,7
2019,13,4452.T,1,1,0,1,1,0,1,0,0,5
2019,14,4502.T,1,1,1,1,0,1,0,1,0,6
2019,15,4503.T,1,1,0,1,1,0,1,1,0,6
2019,16,4507.T,1,1,1,1,1,1,1,1,0,8
2019,17,4523.T,1,1,1,1,1,1,0,1,1,8
2019,18,4528.T,1,1,0,0,1,0,1,1,0,5
2019,19,4543.T,1,1,1,1,0,1,0,1,1,7
2019,20,4568.T,1,1,1,1,1,0,1,1,0,7
2019,21,4578.T,1,1,0,1,1,0,1,0,1,6
2019,22,4661.T,1,1,0,1,1,1,1,0,0,6
2019,23,4901.T,1,1,1,1,1,0,1,0,0,6
2019,24,4911.T,1,1,1,1,1,0,1,1,1,8
2019,25,5020.T,1,1,1,1,1,1,0,0,1,7
2019,26,5108.T,1,1,0,1,0,0,0,0,0,3
2019,27,5401.T,1,1,1,1,1,1,1,1,1,9
2019,28,5411.T,1,1,1,1,1,0,1,1,1,8
2019,29,5713.T,1,1,1,0,1,0,1,1,1,7
2019,30,5802.T,1,1,1,1,1,1,1,0,1,8
2019,31,6098.T,1,1,0,1,1,1,1,1,0,7
2019,32,6273.T,1,1,1,1,1,0,0,1,1,7
2019,33,6301.T,1,1,1,0,0,0,0,1,1,5
2019,34,6326.T,1,1,0,0,1,1,1,0,0,5
2019,35,6367.T,1,1,1,1,1,1,0,0,1,7
2019,36,6501.T,1,1,1,1,0,1,1,1,1,8
2019,37,6503.T,1,1,1,0,1,1,1,1,1,8
2019,38,6594.T,1,1,0,1,0,1,1,1,1,7
2019,39,6702.T,1,1,1,1,1,1,0,0,1,7
2019,40,6752.T,1,1,1,1,1,0,1,0,0,6
2019,41,6758.T,1,1,1,1,1,1,1,1,1,9
2019,42,6861.T,1,1,1,0,0,0,1,1,1,6
2019,43,6869.T,1,1,0,1,1,0,0,0,1,5
2019,44,6902.T,1,1,1,1,0,0,1,0,1,6
2019,45,6954.T,1,1,1,0,0,0,1,1,1,6
2019,46,6971.T,1,1,0,1,1,0,1,0,1,6
2019,47,6981.T,1,1,0,1,0,0,0,0,1,4
2019,48,6988.T,1,1,1,1,1,1,1,1,1,9
2019,49,7011.T,0,1,0,1,0,0,0,0,1,3
2019,50,7201.T,1,1,1,1,0,1,1,0,0,6
2019,51,7202.T,1,1,1,1,1,0,0,1,1,7
2019,52,7203.T,1,1,1,1,1,0,1,1,1,8
2019,53,7261.T,1,1,1,1,0,1,0,0,1,6
2019,54,7267.T,1,1,1,0,1,1,1,0,1,7
2019,55,7269.T,1,1,1,1,1,0,0,1,1,7
2019,56,7270.T,1,1,0,1,1,0,0,0,0,4
2019,57,7741.T,1,1,1,1,1,1,1,1,1,9
2019,58,7751.T,1,1,1,1,1,0,1,0,0,6
2019,59,7974.T,1,1,1,1,0,0,1,0,1,6
2019,60,8001.T,1,1,1,0,1,0,1,0,1,6
2019,61,8002.T,1,1,1,1,1,0,0,1,1,7
2019,62,8031.T,1,1,1,1,1,0,1,0,1,7
2019,63,8035.T,1,1,1,0,1,0,0,1,1,6
2019,64,8053.T,1,1,1,0,1,1,0,0,1,6
2019,65,8058.T,1,1,1,1,0,0,0,1,1,6
2019,66,8113.T,1,1,1,1,1,0,0,0,1,6
2019,67,8267.T,1,1,1,1,1,1,0,1,0,7
2019,68,8801.T,1,1,1,0,0,0,0,1,0,4
2019,69,8802.T,1,1,1,1,1,0,0,1,1,7
2019,70,8830.T,1,1,1,1,1,0,1,1,0,7
2019,71,9020.T,1,1,1,1,1,0,1,1,1,8
2019,72,9021.T,1,1,1,1,1,1,0,1,0,7
2019,73,9022.T,1,1,0,1,0,1,1,1,0,6
2019,74,9064.T,1,1,0,1,1,0,1,1,1,7
2019,75,9201.T,1,1,0,1,0,0,1,1,0,5
2019,76,9202.T,1,1,1,1,0,0,1,0,1,6
2019,77,9432.T,1,1,1,1,1,0,1,0,1,7
2019,78,9433.T,1,1,0,1,1,0,1,1,0,6
2019,79,9437.T,1,1,1,1,1,0,1,1,1,8
2019,80,9502.T,1,1,0,1,1,0,1,0,1,6
2019,81,9503.T,1,1,1,1,0,0,1,1,1,7
2019,82,9735.T,1,1,0,1,1,1,1,0,0,6
2019,83,9843.T,1,1,0,1,0,0,0,1,0,4
2019,84,9983.T,1,1,1,1,0,0,0,1,1,6
2019,85,9984.T,1,1,0,1,1,0,0,1,0,5
2019,86,4519.T,1,1,1,1,1,0,0,1,1,7
2019,87,7733.T,1,1,1,1,1,0,1,1,1,8
2019,88,7832.T,1,1,1,1,0,0,0,0,1,5
2019,89,9434.T,1,1,0,1,1,0,0,0,1,5
2020,0,1605.T,1,1,1,1,0,0,1,1,1,7
2020,1,1878.T,1,1,0,0,1,0,1,0,0,4
2020,2,1925.T,1,1,0,1,1,0,1,0,0,5
2020,3,1928.T,1,1,0,0,1,0,1,0,0,4
2020,4,2502.T,1,1,1,1,1,0,1,0,1,7
2020,5,2503.T,1,1,0,1,0,0,1,1,1,6
2020,6,2802.T,1,1,0,1,1,0,1,1,0,6
2020,7,2914.T,1,1,0,1,1,1,1,0,0,6
2020,8,3382.T,1,1,1,1,0,0,0,0,1,5
2020,9,3402.T,1,1,0,1,0,1,0,0,1,5
2020,10,3407.T,1,1,0,1,0,0,1,0,1,5
2020,11,4063.T,1,1,1,1,1,0,1,1,1,8
2020,12,4188.T,1,1,0,1,1,0,1,0,0,5
2020,13,4452.T,1,1,0,1,0,1,1,1,0,6
2020,14,4502.T,1,1,0,1,0,0,0,0,1,4
2020,15,4503.T,1,1,1,1,1,0,1,1,0,7
2020,16,4507.T,1,1,1,1,1,0,1,1,1,8
2020,17,4519.T,1,1,1,1,0,0,0,1,1,6
2020,18,4523.T,1,1,1,1,1,0,0,1,1,7
2020,19,4528.T,1,1,1,1,0,0,1,0,1,6
2020,20,4543.T,1,1,0,1,1,1,0,1,0,6
2020,21,4568.T,1,1,1,0,1,1,0,0,0,5
2020,22,4578.T,1,1,1,1,0,1,0,1,1,7
2020,23,4661.T,1,1,1,1,0,0,0,1,1,6
2020,24,4901.T,1,1,0,1,0,0,1,1,1,6
2020,25,4911.T,1,1,1,1,0,0,0,0,0,4
2020,26,5020.T,1,1,0,1,1,1,1,0,0,6
2020,27,5108.T,1,1,1,1,0,1,1,0,0,6
2020,28,5401.T,1,1,1,1,0,1,0,0,1,6
2020,29,5713.T,1,1,0,1,1,0,1,0,0,5
2020,30,5802.T,1,1,0,1,1,0,0,0,0,4
2020,31,6098.T,1,1,1,1,1,0,0,1,0,6
2020,32,6273.T,1,1,0,0,0,1,1,0,0,4
2020,33,6301.T,1,1,1,0,1,1,0,1,0,6
2020,34,6326.T,1,1,1,0,0,0,1,1,1,6
2020,35,6367.T,1,1,0,1,1,0,0,1,1,6
2020,36,6501.T,1,1,0,1,1,1,0,0,0,5
2020,37,6503.T,1,1,0,1,0,1,1,0,0,5
2020,38,6594.T,1,1,0,1,1,0,1,0,0,5
2020,39,6702.T,1,1,0,0,1,1,1,0,0,5
2020,40,6752.T,1,1,1,0,1,0,0,0,0,4
2020,41,6758.T,1,1,1,1,1,0,1,1,0,7
2020,42,6861.T,1,1,0,0,0,1,1,1,0,5
2020,43,6869.T,1,1,0,1,1,1,0,0,0,5
2020,44,6902.T,1,1,0,1,0,1,1,0,0,5
2020,45,6954.T,1,1,0,1,0,1,1,0,0,5
2020,46,6971.T,1,1,1,1,1,1,1,1,1,9
2020,47,6981.T,1,1,1,1,0,1,0,1,1,7
2020,48,7011.T,1,1,1,1,0,0,1,1,1,7
2020,49,7201.T,1,1,0,1,1,0,0,0,0,4
2020,50,7202.T,1,1,0,1,0,1,1,1,0,6
2020,51,7203.T,1,1,0,1,0,1,1,0,0,5
2020,52,7267.T,1,1,0,1,0,0,1,0,1,5
2020,53,7269.T,1,1,0,1,1,0,0,0,0,4
2020,54,7270.T,1,1,0,1,0,1,0,0,0,4
2020,55,7733.T,1,1,0,1,1,0,0,0,0,4
2020,56,7741.T,1,1,1,1,0,1,0,1,1,7
2020,57,7751.T,1,1,0,1,0,0,1,0,0,4
2020,58,7832.T,1,1,1,1,1,0,0,1,0,6
2020,59,7974.T,1,1,1,0,0,1,1,1,1,7
2020,60,8001.T,1,1,1,0,1,1,1,0,1,7
2020,61,8002.T,1,1,1,1,1,1,1,1,0,8
2020,62,8031.T,1,1,1,0,0,0,0,0,1,4
2020,63,8035.T,1,1,0,0,1,1,1,0,0,5
2020,64,8053.T,1,1,1,0,1,0,0,0,1,5
2020,65,8058.T,1,1,1,1,1,0,0,0,1,6
2020,66,8113.T,1,1,0,1,0,1,1,0,0,5
2020,67,8267.T,1,1,0,1,1,0,0,1,0,5
2020,68,8801.T,1,1,0,1,0,1,1,1,0,6
2020,69,8802.T,1,1,1,1,1,0,0,1,1,7
2020,70,8830.T,1,1,1,1,1,0,1,0,1,7
2020,71,9020.T,1,1,0,1,1,1,1,1,0,7
2020,72,9021.T,1,1,0,1,0,0,1,1,0,5
2020,73,9022.T,1,1,0,1,1,0,0,1,0,5
2020,74,9201.T,1,1,1,1,0,0,1,0,1,6
2020,75,9202.T,1,1,0,1,1,0,1,0,0,5
2020,76,9432.T,1,1,0,1,1,0,1,0,0,5
2020,77,9433.T,1,1,1,1,0,1,1,0,0,6
2020,78,9434.T,1,1,1,1,0,1,0,1,1,7
2020,79,9502.T,1,1,1,1,1,0,1,0,1,7
2020,80,9503.T,1,1,0,1,0,1,1,0,1,6
2020,81,9735.T,1,1,1,1,1,1,0,0,1,7
2020,82,9843.T,1,1,0,1,1,1,0,0,0,5
2020,83,9983.T,1,1,0,1,1,1,0,0,0,5
2020,84,9984.T,1,1,1,0,1,0,1,1,0,6
2020,85,2413.T,1,1,1,0,0,1,0,0,1,5
2020,86,4689.T,1,1,0,1,0,0,1,0,1,5
2020,87,7309.T,1,1,0,1,1,1,1,0,1,7
2021,0,1925.T,1,1,0,0,0,1,0,0,0,3
2021,1,1928.T,1,1,1,1,0,1,1,0,1,7
2021,2,2413.T,1,1,0,1,0,1,0,0,0,4
2021,3,2502.T,1,1,0,1,0,0,0,0,0,3
2021,4,2503.T,1,1,1,1,0,1,1,0,0,6
2021,5,2802.T,1,1,0,1,0,0,0,1,1,5
2021,6,2914.T,1,1,0,1,0,1,0,1,0,5
2021,7,3382.T,1,1,1,1,1,0,1,1,0,7
2021,8,3402.T,1,1,0,1,1,0,0,1,0,5
2021,9,3407.T,1,1,0,1,0,0,1,0,0,4
2021,10,4063.T,1,1,0,1,0,1,1,1,0,6
2021,11,4188.T,1,1,0,1,0,1,0,0,0,4
2021,12,4452.T,1,1,0,1,1,1,0,0,0,5
2021,13,4502.T,1,1,0,1,1,0,0,0,0,4
2021,14,4503.T,1,1,0,1,0,0,1,1,0,5
2021,15,4507.T,1,1,0,1,1,1,1,0,0,6
2021,16,4519.T,1,1,1,0,1,0,0,1,0,5
2021,17,4523.T,1,1,1,0,0,1,0,1,1,6
2021,18,4528.T,1,1,1,1,0,1,1,1,0,7
2021,19,4543.T,1,1,1,1,1,0,0,1,1,7
2021,20,4568.T,1,1,1,1,1,1,0,1,0,7
2021,21,4578.T,1,1,1,1,1,1,0,1,0,7
2021,22,4661.T,1,1,0,1,1,1,1,0,0,6
2021,23,4689.T,1,1,1,1,0,1,1,1,1,8
2021,24,4901.T,1,1,0,1,0,0,1,1,0,5
2021,25,4911.T,0,1,0,1,0,1,0,0,0,3
2021,26,5020.T,0,1,0,1,0,0,1,0,0,3
2021,27,5108.T,0,1,0,1,0,0,0,1,0,3
2021,28,5401.T,0,1,0,1,0,1,0,0,0,3
2021,29,5713.T,1,1,0,1,0,1,1,0,0,5
2021,30,5802.T,1,1,0,1,0,1,0,0,0,4
2021,31,6098.T,1,1,0,1,0,0,1,1,0,5
2021,32,6273.T,1,1,0,1,0,1,1,0,0,5
2021,33,6301.T,1,1,0,1,1,0,0,0,0,4
2021,34,6326.T,1,1,0,1,1,0,1,0,0,5
2021,35,6367.T,1,1,0,1,0,1,0,0,0,4
2021,36,6501.T,1,1,0,1,0,1,0,1,0,5
2021,37,6503.T,1,1,0,1,0,1,0,0,0,4
2021,38,6594.T,1,1,0,1,0,0,1,0,0,4
2021,39,6702.T,1,1,1,1,0,0,1,1,0,6
2021,40,6752.T,1,1,0,1,0,1,0,1,0,5
2021,41,6758.T,1,1,0,1,0,1,1,1,0,6
2021,42,6861.T,1,1,0,1,0,1,1,0,0,5
2021,43,6869.T,1,1,0,1,0,0,0,0,0,3
2021,44,6902.T,1,1,0,1,1,0,1,0,0,5
2021,45,6954.T,1,1,0,1,0,1,1,0,0,5
2021,46,6971.T,1,1,1,1,0,0,0,0,1,5
2021,47,6981.T,1,1,0,1,0,1,0,0,0,4
2021,48,7011.T,1,1,0,1,1,0,0,0,0,4
2021,49,7201.T,0,1,0,1,1,0,1,0,0,4
2021,50,7203.T,1,1,1,1,0,1,1,1,0,7
2021,51,7267.T,1,1,0,1,0,1,1,0,0,5
2021,52,7269.T,1,1,0,1,1,1,0,0,0,5
2021,53,7270.T,1,1,0,1,0,1,0,0,0,4
2021,54,7309.T,1,1,1,1,0,0,1,1,0,6
2021,55,7733.T,1,1,1,1,0,0,1,0,0,5
2021,56,7741.T,1,1,0,1,0,0,1,0,0,4
2021,57,7751.T,1,1,0,1,1,0,1,0,0,5
2021,58,7832.T,1,1,0,0,0,1,1,1,0,5
2021,59,7974.T,1,1,1,1,0,0,1,1,1,7
2021,60,8001.T,1,1,0,1,0,0,1,1,0,5
2021,61,8002.T,0,1,0,1,0,0,0,1,0,3
2021,62,8031.T,1,1,0,1,0,1,1,0,1,6
2021,63,8035.T,1,1,0,1,0,0,1,0,0,4
2021,64,8053.T,1,1,0,1,0,0,0,0,0,3
2021,65,8058.T,1,1,0,1,0,0,1,0,0,4
2021,66,8113.T,1,1,1,1,1,1,0,1,0,7
2021,67,8267.T,1,1,1,1,0,1,0,1,0,6
2021,68,8801.T,1,1,1,0,0,1,1,1,0,6
2021,69,8802.T,1,1,1,1,0,1,1,1,1,8
2021,70,8830.T,1,1,1,1,0,0,1,1,1,7
2021,71,9020.T,1,1,0,1,1,0,1,0,0,5
2021,72,9021.T,1,1,0,1,1,0,1,0,0,5
2021,73,9022.T,1,1,0,1,1,0,0,0,0,4
2021,74,9202.T,1,1,0,1,0,1,1,0,0,5
2021,75,9432.T,1,1,0,1,1,0,1,0,0,5
2021,76,9433.T,1,1,0,1,0,0,1,1,0,5
2021,77,9434.T,1,1,0,1,1,0,1,1,0,6
2021,78,9502.T,1,1,1,1,1,0,1,0,0,6
2021,79,9503.T,1,1,1,1,0,1,1,1,0,7
2021,80,9735.T,1,1,0,1,1,1,0,1,1,7
2021,81,9843.T,1,1,0,1,0,1,0,1,0,5
2021,82,9983.T,1,1,0,1,0,0,0,0,0,3
2021,83,9984.T,0,1,0,1,1,1,1,1,0,6
2021,84,6502.T,0,0,0,0,0,0,1,1,0,2
2021,85,6586.T,1,1,0,1,0,1,0,0,1,5
2021,86,6645.T,1,1,1,1,0,1,1,1,0,7
2021,87,6920.T,1,1,1,1,0,0,1,0,1,6
2022,0,1925.T,1,1,0,1,0,1,1,1,0,6
2022,1,1928.T,1,1,0,1,1,0,1,0,0,5
2022,2,2413.T,1,1,1,1,0,1,0,1,0,6
2022,3,2502.T,1,1,1,1,0,1,0,1,0,6
2022,4,2503.T,1,1,0,1,0,1,1,1,0,6
2022,5,2802.T,1,1,1,1,0,1,0,1,1,7
2022,6,2914.T,1,1,1,1,1,1,0,1,1,8
2022,7,3382.T,1,1,0,1,0,1,0,1,0,5
2022,8,3402.T,1,1,0,1,1,1,0,0,0,5
2022,9,3407.T,1,1,0,1,0,1,0,1,0,5
2022,10,4063.T,1,1,0,1,1,1,1,1,0,7
2022,11,4188.T,0,1,0,1,0,1,0,1,0,4
2022,12,4452.T,1,1,0,1,0,1,1,0,1,6
2022,13,4502.T,1,1,1,1,0,1,0,1,1,7
2022,14,4503.T,1,1,0,1,0,1,1,1,0,6
2022,15,4507.T,1,1,0,0,1,0,1,0,0,4
2022,16,4519.T,1,1,1,0,0,0,0,1,1,5
2022,17,4523.T,1,1,0,1,1,0,0,1,0,5
2022,18,4528.T,1,1,1,0,0,1,0,0,1,5
2022,19,4543.T,1,1,0,1,0,1,0,0,0,4
2022,20,4568.T,1,1,0,1,1,0,1,0,0,5
2022,21,4578.T,1,1,0,1,1,0,0,0,1,5
2022,22,4661.T,0,0,0,1,0,0,0,0,0,1
2022,23,4689.T,1,1,0,1,1,1,0,1,0,6
2022,24,4901.T,1,1,1,1,1,0,0,0,0,5
2022,25,4911.T,1,1,1,1,1,0,0,0,1,6
2022,26,5020.T,1,1,1,1,0,1,1,1,0,7
2022,27,5108.T,1,1,1,0,1,1,0,1,1,7
2022,28,5401.T,0,1,1,1,0,1,0,1,0,5
2022,29,5713.T,1,1,1,0,1,0,1,1,1,7
2022,30,5802.T,1,1,0,1,0,0,1,1,0,5
2022,31,6098.T,1,1,0,1,1,0,1,0,0,5
2022,32,6273.T,1,1,1,0,0,0,1,0,1,5
2022,33,6301.T,1,1,0,1,0,1,1,0,0,5
2022,34,6326.T,1,1,1,0,0,0,1,0,1,5
2022,35,6367.T,1,1,0,1,0,1,0,0,0,4
2022,36,6501.T,1,1,1,1,0,0,0,0,0,4
2022,37,6502.T,1,1,1,1,0,1,0,0,1,6
2022,38,6503.T,1,1,0,1,1,1,0,0,0,5
2022,39,6586.T,1,1,1,1,0,0,0,0,1,5
2022,40,6594.T,1,1,1,1,0,1,1,1,0,7
2022,41,6645.T,1,1,0,1,0,1,0,1,0,5
2022,42,6702.T,1,1,1,1,1,1,1,1,0,8
2022,43,6752.T,1,1,0,1,1,1,0,1,0,6
2022,44,6758.T,1,1,1,1,1,0,0,0,0,5
2022,45,6861.T,1,1,0,0,0,0,1,1,0,4
2022,46,6869.T,1,1,0,1,1,1,0,0,0,5
2022,47,6902.T,1,1,1,1,0,1,1,0,0,6
2022,48,6920.T,1,1,1,0,1,0,1,0,1,6
2022,49,6954.T,1,1,1,1,0,0,1,1,1,7
2022,50,6971.T,1,1,0,1,0,0,0,0,0,3
2022,51,6981.T,1,1,1,1,1,1,0,1,0,7
2022,52,7011.T,1,0,0,0,0,1,0,0,0,2
2022,53,7201.T,0,1,1,1,0,1,0,0,0,4
2022,54,7203.T,1,1,1,1,0,1,0,0,0,5
2022,55,7267.T,1,1,1,1,0,1,0,1,0,6
2022,56,7269.T,1,1,1,1,1,1,0,0,0,6
2022,57,7270.T,1,1,0,1,0,1,0,0,0,4
2022,58,7309.T,1,1,1,0,0,0,1,1,1,6
2022,59,7733.T,1,1,0,1,0,1,0,0,0,4
2022,60,7741.T,1,1,1,1,1,1,1,1,0,8
2022,61,7751.T,1,1,1,1,0,1,1,1,1,8
2022,62,7832.T,1,1,0,1,0,0,1,1,1,6
2022,63,7974.T,1,1,1,1,0,0,1,1,1,7
2022,64,8001.T,1,1,0,1,1,0,1,1,0,6
2022,65,8002.T,1,1,1,1,0,1,0,1,0,6
2022,66,8031.T,1,1,0,1,0,1,1,1,0,6
2022,67,8035.T,1,1,1,0,0,1,0,1,1,6
2022,68,8053.T,0,1,0,1,1,1,0,0,0,4
2022,69,8058.T,1,1,0,1,1,1,1,1,0,7
2022,70,8113.T,1,1,1,1,1,0,1,0,1,7
2022,71,8267.T,0,1,0,1,1,1,0,0,0,4
2022,72,8801.T,1,1,0,1,1,1,1,0,0,6
2022,73,8802.T,1,1,0,1,0,1,0,1,0,5
2022,74,8830.T,1,1,0,1,1,0,1,0,0,5
2022,75,9020.T,0,0,0,1,0,0,1,0,0,2
2022,76,9021.T,0,0,0,1,0,1,0,0,0,2
2022,77,9022.T,0,0,0,1,1,0,0,0,0,2
2022,78,9202.T,0,0,0,1,0,1,0,0,0,2
2022,79,9432.T,1,1,1,1,0,0,1,1,0,6
2022,80,9433.T,1,1,0,1,1,1,1,1,0,7
2022,81,9434.T,1,1,0,1,1,1,1,1,0,7
2022,82,9735.T,1,1,0,1,0,1,0,1,0,5
2022,83,9843.T,1,1,1,1,1,0,0,1,1,7
2022,84,9983.T,1,1,1,1,1,1,0,1,0,7
2022,85,9984.T,1,1,1,0,0,0,1,1,1,6
2022,86,6723.T,1,1,1,1,1,0,0,1,1,7
2022,87,9101.T,1,1,1,1,1,1,0,1,0,7
2023,0,1925.T,1,1,1,1,0,1,0,0,0,5
2023,1,1928.T,1,1,1,0,1,1,1,1,1,8
2023,2,2413.T,1,1,1,0,1,1,0,0,0,5
2023,3,2502.T,1,1,0,1,1,1,1,0,1,7
2023,4,2503.T,1,1,1,1,1,1,1,1,1,9
2023,5,2802.T,1,1,1,1,1,1,1,0,1,8
2023,6,2914.T,1,1,1,1,1,1,0,1,1,8
2023,7,3382.T,1,1,1,1,0,0,0,0,1,5
2023,8,3402.T,1,1,1,1,1,1,0,0,1,7
2023,9,3407.T,1,1,1,1,1,0,1,0,1,7
2023,10,4063.T,1,1,1,1,1,0,1,1,1,8
2023,11,4188.T,1,1,1,1,1,1,0,0,1,7
2023,12,4452.T,1,1,0,1,1,0,1,0,1,6
2023,13,4502.T,1,1,0,1,1,0,1,1,1,7
2023,14,4503.T,1,1,1,1,1,0,1,1,1,8
2023,15,4507.T,1,1,0,0,1,0,0,1,0,4
2023,16,4519.T,1,1,0,0,1,0,0,0,1,4
2023,17,4523.T,1,1,1,1,0,1,0,1,1,7
2023,18,4528.T,1,1,0,0,1,1,1,1,1,7
2023,19,4543.T,1,1,1,1,1,1,0,0,1,7
2023,20,4568.T,1,1,0,1,1,0,0,1,1,6
2023,21,4578.T,1,1,0,1,1,0,0,1,1,6
2023,22,4661.T,1,1,1,1,0,1,0,1,1,7
2023,23,4689.T,1,1,0,1,1,0,1,1,0,6
2023,24,4901.T,1,1,1,1,1,0,0,1,1,7
2023,25,4911.T,1,1,0,1,1,1,0,0,0,5
2023,26,5020.T,1,1,1,0,0,1,0,1,1,6
2023,27,5108.T,1,1,0,0,1,1,1,0,1,6
2023,28,5401.T,1,1,1,0,1,1,0,1,1,7
2023,29,5713.T,1,1,1,0,1,1,1,1,1,8
2023,30,5802.T,1,1,1,0,1,0,1,0,1,6
2023,31,6098.T,1,1,1,1,1,1,1,1,1,9
2023,32,6273.T,1,1,1,0,1,0,1,1,1,7
2023,33,6301.T,1,1,1,1,1,0,0,1,1,7
2023,34,6326.T,1,0,0,0,0,1,1,0,1,4
2023,35,6367.T,1,1,1,1,1,0,0,0,1,6
2023,36,6501.T,1,1,0,1,1,0,0,0,0,4
2023,37,6502.T,1,1,1,1,1,0,1,0,1,7
2023,38,6503.T,1,1,0,1,1,0,1,1,0,6
2023,39,6594.T,1,1,1,0,1,0,1,0,1,6
2023,40,6645.T,1,1,1,1,1,0,1,0,1,7
2023,41,6702.T,1,1,0,1,1,1,1,1,0,7
2023,42,6723.T,1,1,1,1,1,1,1,1,1,9
2023,43,6752.T,1,1,1,0,0,0,0,0,1,4
2023,44,6758.T,1,1,0,1,0,0,1,1,0,5
2023,45,6861.T,1,1,1,0,0,0,1,1,1,6
2023,46,6869.T,1,1,1,1,1,1,0,1,1,8
2023,47,6902.T,1,1,1,1,1,0,1,1,0,7
2023,48,6920.T,1,0,0,0,1,0,0,1,0,3
2023,49,6954.T,1,1,1,0,1,0,0,1,1,6
2023,50,6971.T,1,1,1,1,1,0,1,1,1,8
2023,51,6981.T,1,1,1,1,1,1,0,1,1,8
2023,52,7011.T,1,1,1,1,0,1,1,1,1,8
2023,53,7201.T,1,1,1,1,1,1,0,1,1,8
2023,54,7203.T,1,1,1,1,0,1,1,1,0,7
2023,55,7267.T,1,1,1,1,1,1,1,0,1,8
2023,56,7269.T,1,1,0,1,0,1,0,0,0,4
2023,57,7270.T,1,1,0,1,1,1,0,1,0,6
2023,58,7309.T,1,1,0,0,1,1,1,0,0,5
2023,59,7733.T,1,1,1,1,1,1,1,1,0,8
2023,60,7741.T,1,1,1,1,1,1,1,0,1,8
2023,61,7751.T,1,1,1,1,1,0,1,0,1,7
2023,62,7832.T,1,1,1,1,1,0,0,1,1,7
2023,63,7974.T,1,1,0,0,1,1,1,1,0,6
2023,64,8001.T,1,1,1,0,1,1,1,0,1,7
2023,65,8002.T,1,1,1,0,1,0,1,0,1,6
2023,66,8031.T,1,1,1,0,1,0,1,0,1,6
2023,67,8035.T,1,1,1,0,1,0,0,1,1,6
2023,68,8053.T,1,1,1,0,1,0,0,1,1,6
2023,69,8058.T,1,1,1,1,1,0,0,0,1,6
2023,70,8113.T,1,1,0,1,0,1,1,0,1,6
2023,71,8267.T,1,1,1,1,1,0,0,1,0,6
2023,72,8801.T,1,1,1,1,1,0,1,1,0,7
2023,73,8802.T,1,1,1,1,0,1,1,1,1,8
2023,74,8830.T,1,1,0,1,1,1,1,1,0,7
2023,75,9020.T,0,1,1,1,0,1,1,1,1,7
2023,76,9021.T,0,0,1,1,0,1,0,1,1,5
2023,77,9022.T,0,1,1,1,0,0,0,1,1,5
2023,78,9101.T,1,1,1,0,1,1,0,1,1,7
2023,79,9202.T,0,0,1,1,1,0,1,1,1,6
2023,80,9432.T,1,1,1,1,0,1,1,1,1,8
2023,81,9433.T,1,1,0,1,1,0,1,1,0,6
2023,82,9434.T,1,1,0,1,1,1,0,1,0,6
2023,83,9735.T,1,1,1,1,0,1,1,1,0,7
2023,84,9843.T,1,1,0,0,0,1,0,0,0,3
2023,85,9983.T,1,1,1,1,1,0,0,1,1,7
2023,86,9984.T,0,1,0,1,0,0,1,1,0,4
2023,87,6146.T,1,1,1,1,0,0,0,1,1,6
2023,88,6701.T,1,1,0,1,1,0,1,1,1,7
2023,89,6857.T,1,1,1,0,0,0,1,1,1,6
2024,0,1925.T,1,1,1,0,0,1,0,0,1,5
2024,1,1928.T,1,1,1,0,1,0,1,0,1,6
2024,2,2413.T,1,1,0,1,0,0,0,0,0,3
2024,3,2502.T,1,1,1,1,1,1,0,0,1,7
2024,4,2503.T,1,1,0,1,0,1,0,0,1,5
2024,5,2802.T,1,1,1,1,1,1,1,0,1,8
2024,6,2914.T,1,1,0,1,1,0,0,0,0,4
2024,7,3382.T,1,1,1,1,1,0,0,0,1,6
2024,8,3407.T,0,1,0,1,0,1,1,0,0,4
2024,9,4063.T,1,1,1,1,0,1,1,1,1,8
2024,10,4188.T,1,1,0,1,1,0,0,0,1,5
2024,11,4452.T,1,1,0,1,0,1,0,1,0,5
2024,12,4502.T,1,1,1,1,1,0,0,1,1,7
2024,13,4503.T,1,1,0,1,0,1,1,1,1,7
2024,14,4507.T,1,1,1,0,0,0,1,1,1,6
2024,15,4519.T,1,1,0,1,1,1,0,1,0,6
2024,16,4523.T,1,0,1,0,1,1,0,0,0,4
2024,17,4543.T,1,1,0,1,1,0,1,0,1,6
2024,18,4568.T,1,1,1,1,1,0,0,1,1,7
2024,19,4578.T,1,1,0,1,1,0,0,1,1,6
2024,20,4661.T,1,1,1,1,1,0,0,1,1,7
2024,21,4689.T,1,1,1,0,0,0,0,1,1,5
2024,22,4901.T,1,1,0,0,1,1,0,0,1,5
2024,23,4911.T,1,1,0,1,1,0,0,1,0,5
2024,24,5020.T,1,0,0,0,1,1,1,0,1,5
2024,25,5108.T,1,1,1,1,1,0,0,0,0,5
2024,26,5401.T,1,1,0,0,1,1,1,0,1,6
2024,27,5802.T,1,1,1,1,1,0,1,0,1,7
2024,28,6098.T,1,1,0,1,1,1,1,1,1,8
2024,29,6146.T,1,1,1,0,0,1,0,1,0,5
2024,30,6273.T,1,1,1,0,1,0,1,1,0,6
2024,31,6301.T,1,1,1,0,0,1,0,1,1,6
2024,32,6326.T,1,0,1,0,0,1,1,1,0,5
2024,33,6367.T,1,1,1,0,0,1,0,0,1,5
2024,34,6501.T,1,1,0,1,1,1,1,0,0,6
2024,35,6503.T,1,1,0,0,0,1,1,0,1,5
2024,36,6594.T,1,1,0,1,0,1,1,0,0,5
2024,37,6645.T,1,1,1,0,0,1,1,0,1,6
2024,38,6701.T,1,1,0,1,0,1,1,0,1,6
2024,39,6702.T,1,1,1,1,1,1,1,0,0,7
2024,40,6723.T,1,1,1,1,1,0,1,0,0,6
2024,41,6752.T,1,1,0,1,1,1,0,0,0,5
2024,42,6758.T,1,1,1,0,0,0,1,1,0,5
2024,43,6857.T,1,1,1,0,0,1,1,1,1,7
2024,44,6861.T,1,1,1,0,0,0,1,0,1,5
2024,45,6869.T,1,1,0,1,1,0,0,1,0,5
2024,46,6902.T,1,1,1,1,1,0,1,0,1,7
2024,47,6920.T,1,1,1,0,0,0,0,1,1,5
2024,48,6954.T,1,1,1,0,0,1,1,0,1,6
2024,49,6971.T,1,1,0,1,0,1,0,0,0,4
2024,50,6981.T,1,1,0,1,1,1,1,0,0,6
2024,51,7011.T,1,1,1,0,1,1,0,1,1,7
2024,52,7201.T,1,1,1,1,1,1,0,1,1,8
2024,53,7203.T,1,1,0,1,0,1,1,0,1,6
2024,54,7267.T,1,1,0,1,1,0,1,0,1,6
2024,55,7269.T,1,1,1,1,1,0,0,1,1,7
2024,56,7270.T,1,1,1,1,1,1,0,1,1,8
2024,57,7309.T,1,1,0,1,1,1,1,0,0,6
2024,58,7733.T,1,1,1,0,1,0,1,1,1,7
2024,59,7741.T,1,1,0,1,0,0,1,1,0,5
2024,60,7751.T,1,1,1,1,0,0,1,1,0,6
2024,61,7832.T,1,1,0,1,1,1,0,0,0,5
2024,62,7974.T,1,1,0,0,1,1,1,0,0,5
2024,63,8001.T,1,1,0,1,1,0,1,0,1,6
2024,64,8002.T,1,1,1,1,1,1,1,1,0,8
2024,65,8031.T,1,1,1,0,1,1,1,1,1,8
2024,66,8035.T,1,1,0,0,0,0,0,0,0,2
2024,67,8053.T,1,1,1,0,1,1,1,0,1,7
2024,68,8058.T,1,1,1,1,1,1,1,0,1,8
2024,69,8113.T,1,1,1,1,1,1,1,1,0,8
2024,70,8267.T,1,1,1,1,0,1,0,1,1,7
2024,71,8801.T,1,1,1,1,0,0,1,1,1,7
2024,72,8802.T,1,1,0,1,1,0,1,1,0,6
2024,73,8830.T,1,1,1,1,1,0,1,1,0,7
2024,74,9020.T,1,1,1,1,0,1,1,1,1,8
2024,75,9021.T,1,1,1,1,1,0,1,1,1,8
2024,76,9022.T,1,1,1,1,1,1,1,1,1,9
2024,77,9101.T,1,1,0,0,1,1,0,0,0,4
2024,78,9202.T,1,1,1,1,1,0,1,1,1,8
2024,79,9432.T,1,1,0,1,0,1,1,0,1,6
2024,80,9433.T,1,1,0,1,1,0,1,0,0,5
2024,81,9434.T,1,1,0,1,1,1,0,0,0,5
2024,82,9735.T,1,1,0,1,1,0,1,0,1,6
2024,83,9983.T,1,1,0,1,1,1,0,0,0,5
2024,84,9984.T,0,1,1,1,0,1,1,0,1,6
2024,85,6762.T,1,1,0,1,1,1,0,0,1,6
2024,86,9104.T,1,1,1,0,1,0,0,1,1,6
