,cum_return,ann_return,ann_vol,sharpe,max_drawdown,turnover,cost_drag,net_ann_return,net_sharpe
fscore_EW,6.3685598225075175,0.16030787651182732,0.20000029584807108,0.8015381968914893,-0.4149043371364136,0.5717948717948718,0.002287179487179487,0.15802069702464783,0.7901023163720079
fscore_GMV,2.960755707592589,0.10790427057295271,0.15825479008011623,0.6818388910586931,-0.3197965401657431,0.6084285287005379,0.0024337141148021517,0.10547055645815055,0.6664604363934656
fscore_GMVsec,4.905649745970841,0.14134741683794227,0.1719794357766017,0.8218855713746503,-0.4132232646429884,0.6644250738329417,0.0026577002953317667,0.1386897165426105,0.806431977848596
value_EW,8.276910489299608,0.1803733452981846,0.2111654119918879,0.8541803489347668,-0.4699985289364291,0.27948717948717944,0.0011179487179487177,0.1792553965802359,0.8488861641182134
mktcap_EW,3.831924858698808,0.12442390213666976,0.18543263582305677,0.6709924689599803,-0.40345107846646355,0.2948717948717948,0.0011794871794871794,0.12324441495718258,0.6646317376127073
liquidity_EW,6.746598939910273,0.1646376857314007,0.2047123501290924,0.8042391464295121,-0.46789610621136446,0.6282051282051283,0.0025128205128205133,0.1621248652185802,0.7919642616400213
fscore_LS,-0.13362828101177393,-0.01062182354570107,0.083333978182764,-0.12746089623137644,-0.31264358218136856,1.2057029177718834,0.014822811671087534,-0.025444635216788605,-0.30533325987371773
SPY (S&P 500),5.335028196133639,0.14690848832970405,0.16781391605051366,0.8754249456015503,-0.33717266078771113,,,,
VTV (US value ETF),3.7952908935512104,0.123439288866237,0.15797620295183074,0.7813790087351034,-0.36781409579997637,,,,
